bet_id,placed_at_utc,market_ticker,event_ticker,target_date,side,stake_usd,entry_price,prob_model,prob_market_implied,edge,method,spec,resolved_at_utc,resolution,pnl_usd,algo_signal
20260510T171217Z000000,2026-05-10T17:12:17Z,KXLOWTNYC-26MAY11-B50.5,KXLOWTNYC-26MAY11,2026-05-11,NO,100.0,0.36,0.146,0.36,-0.214,ensemble,NYC daily low temp 50.0-51.0F (bin B50.5),2026-05-12T12:46:16Z,no,56.16,bet
20260512T142701Z000000,2026-05-12T14:27:01Z,KXLOWTNYC-26MAY13-B51.5,KXLOWTNYC-26MAY13,2026-05-13,NO,100.0,0.345,0.14000464447021674,0.345,-0.20499535552978324,ensemble,51.0 <= temp_min <= 52.0 @ NYC on 2026-05-13,2026-05-14T12:32:29Z,no,52.44,bet
20260513T142925Z000000,2026-05-13T14:29:25Z,KXLOWTNYC-26MAY14-B52.5,KXLOWTNYC-26MAY14,2026-05-14,NO,100.0,0.32,0.1406617805329034,0.32,-0.1793382194670966,ensemble,52.0 <= temp_min <= 53.0 @ NYC on 2026-05-14,2026-05-15T19:38:23Z,yes,-99.96,bet
20260514T194540Z000000,2026-05-14T19:45:40Z,KXLOWTNYC-26MAY15-B49.5,KXLOWTNYC-26MAY15,2026-05-15,NO,100.0,0.345,0.14912467855229594,0.345,-0.19587532144770403,ensemble,49.0 <= temp_min <= 50.0 @ NYC on 2026-05-15,2026-05-16T19:04:16Z,yes,-99.56,bet
20260515T193826Z000000,2026-05-15T19:38:26Z,KXLOWTNYC-26MAY16-B53.5,KXLOWTNYC-26MAY16,2026-05-16,NO,100.0,0.395,0.16838613251205714,0.395,-0.22661386748794288,ensemble,53.0 <= temp_min <= 54.0 @ NYC on 2026-05-16,2026-05-17T19:09:33Z,no,65.17,bet
20260516T190419Z000000,2026-05-16T19:04:19Z,KXLOWTNYC-26MAY17-B64.5,KXLOWTNYC-26MAY17,2026-05-17,NO,100.0,0.355,0.08372261534954382,0.355,-0.27127738465045614,ensemble,64.0 <= temp_min <= 65.0 @ NYC on 2026-05-17,2026-05-18T19:44:38Z,no,55.02,bet
20260518T194440Z000000,2026-05-18T19:44:41Z,KXLOWTNYC-26MAY19-B71.5,KXLOWTNYC-26MAY19,2026-05-19,NO,51.46,0.4,0.062175656463315604,0.4,-0.33782434353668445,ensemble,71.0 <= temp_min <= 72.0 @ NYC on 2026-05-19,2026-05-21T09:57:08Z,no,34.00,bet
20260518T194441Z000000,2026-05-18T19:44:41Z,KXLOWTNYC-26MAY19-B69.5,KXLOWTNYC-26MAY19,2026-05-19,NO,10.3,0.14500000000000002,0.07639886194158091,0.14500000000000002,-0.06860113805841911,ensemble,69.0 <= temp_min <= 70.0 @ NYC on 2026-05-19,2026-05-21T09:57:08Z,no,1.74,bet
20260518T194442Z000000,2026-05-18T19:44:49Z,KXLOWTLAX-26MAY19-B57.5,KXLOWTLAX-26MAY19,2026-05-19,NO,41.17,0.45499999999999996,0.25588235427074457,0.45499999999999996,-0.1991176457292554,ensemble,57.0 <= temp_min <= 58.0 @ LOSANGELES on 2026-05-19,2026-05-21T09:57:08Z,yes,-40.88,bet
20260521T195336Z307392,2026-05-21T19:53:36Z,KXLOWTNYC-26MAY22-B53.5,KXLOWTNYC-26MAY22,2026-05-22,NO,20.48,0.295,0.1667346738674547,0.295,-0.1282653261325453,ensemble,53.0 <= temp_min <= 54.0 @ NYC on 2026-05-22,2026-05-23T19:10:08Z,no,8.55,bet
20260521T195336Z943919,2026-05-21T19:53:37Z,KXLOWTNYC-26MAY22-B51.5,KXLOWTNYC-26MAY22,2026-05-22,NO,20.48,0.215,0.0992686054023704,0.215,-0.1157313945976296,ensemble,51.0 <= temp_min <= 52.0 @ NYC on 2026-05-22,2026-05-23T19:10:08Z,no,5.59,bet
20260521T195337Z992141,2026-05-21T19:53:45Z,KXLOWTLAX-26MAY22-B61.5,KXLOWTLAX-26MAY22,2026-05-22,YES,4.93,0.10500000000000001,0.26897783810932624,0.10500000000000001,0.16397783810932623,ensemble,61.0 <= temp_min <= 62.0 @ LOSANGELES on 2026-05-22,2026-05-23T19:10:08Z,no,-4.83,bet
20260521T195345Z466470,2026-05-21T19:53:52Z,KXLOWTLAX-26MAY22-B57.5,KXLOWTLAX-26MAY22,2026-05-22,NO,20.48,0.33,0.19405912919663593,0.33,-0.1359408708033641,ensemble,57.0 <= temp_min <= 58.0 @ LOSANGELES on 2026-05-22,2026-05-23T19:10:08Z,no,9.90,bet
20260521T195352Z841129,2026-05-21T19:54:00Z,KXLOWTLAX-26MAY22-B59.5,KXLOWTLAX-26MAY22,2026-05-22,NO,17.44,0.44,0.3864704831702966,0.44,-0.053529516829703416,ensemble,59.0 <= temp_min <= 60.0 @ LOSANGELES on 2026-05-22,2026-05-23T19:10:08Z,yes,-17.36,bet
20260521T195401Z064038,2026-05-21T19:54:01Z,KXLOWTSFO-26MAY22-B53.5,KXLOWTSFO-26MAY22,2026-05-22,YES,13.13,0.15,0.44054596883538066,0.15,0.29054596883538064,ensemble,53.0 <= temp_min <= 54.0 @ SANFRANCISCO on 2026-05-22,2026-05-23T19:10:08Z,no,-13.05,bet
20260521T195401Z631052,2026-05-21T19:54:01Z,KXLOWTSFO-26MAY22-B47.5,KXLOWTSFO-26MAY22,2026-05-22,NO,20.48,0.075,0.011639712382188971,0.075,-0.06336028761781103,ensemble,47.0 <= temp_min <= 48.0 @ SANFRANCISCO on 2026-05-22,2026-05-23T19:10:08Z,no,1.65,bet
20260521T195402Z591357,2026-05-21T19:54:10Z,KXLOWTCHI-26MAY22-B50.5,KXLOWTCHI-26MAY22,2026-05-22,NO,20.48,0.275,0.16403301805306766,0.275,-0.11096698194693236,ensemble,50.0 <= temp_min <= 51.0 @ CHICAGO on 2026-05-22,2026-05-23T19:10:09Z,no,7.70,bet
20260521T195410Z066356,2026-05-21T19:54:17Z,KXLOWTCHI-26MAY22-B46.5,KXLOWTCHI-26MAY22,2026-05-22,YES,0.47,0.03,0.08938794499447587,0.03,0.059387944994475875,ensemble,46.0 <= temp_min <= 47.0 @ CHICAGO on 2026-05-22,2026-05-23T19:10:09Z,no,-0.45,bet
20260521T195503Z458615,2026-05-21T19:55:04Z,KXLOWTMIA-26MAY22-B76.5,KXLOWTMIA-26MAY22,2026-05-22,NO,20.48,0.395,0.17293018879195593,0.395,-0.2220698112080441,ensemble,76.0 <= temp_min <= 77.0 @ MIAMI on 2026-05-22,2026-05-23T19:10:09Z,no,13.04,bet
20260521T195504Z121891,2026-05-21T19:55:04Z,KXLOWTMIA-26MAY22-B80.5,KXLOWTMIA-26MAY22,2026-05-22,YES,4.77,0.09,0.2782870545018297,0.09,0.18828705450182973,ensemble,80.0 <= temp_min <= 81.0 @ MIAMI on 2026-05-22,2026-05-23T19:10:09Z,no,-4.68,bet
20260521T195504Z267217,2026-05-21T19:55:04Z,KXLOWTMIA-26MAY22-B78.5,KXLOWTMIA-26MAY22,2026-05-22,NO,20.48,0.43,0.36219651713648654,0.43,-0.06780348286351345,ensemble,78.0 <= temp_min <= 79.0 @ MIAMI on 2026-05-22,2026-05-23T19:10:09Z,yes,-19.95,bet
20260521T195548Z286506,2026-05-21T19:56:03Z,KXLOWTPHX-26MAY22-B65.5,KXLOWTPHX-26MAY22,2026-05-22,YES,0.88,0.05,0.11503842046706102,0.05,0.06503842046706101,ensemble,65.0 <= temp_min <= 66.0 @ PHOENIX on 2026-05-22,2026-05-23T19:10:09Z,no,-0.85,bet
20260521T195604Z584353,2026-05-21T19:56:05Z,KXLOWTDEN-26MAY22-B39.5,KXLOWTDEN-26MAY22,2026-05-22,NO,20.48,0.265,0.14053904972842418,0.265,-0.12446095027157583,ensemble,39.0 <= temp_min <= 40.0 @ DENVER on 2026-05-22,2026-05-23T19:10:09Z,no,7.16,bet
20260521T195605Z133846,2026-05-21T19:56:05Z,KXLOWTDEN-26MAY22-B45.5,KXLOWTDEN-26MAY22,2026-05-22,YES,0.84,0.045,0.11434511721821433,0.045,0.06934511721821433,ensemble,45.0 <= temp_min <= 46.0 @ DENVER on 2026-05-22,2026-05-23T19:10:10Z,no,-0.81,bet
20260521T195605Z285754,2026-05-21T19:56:05Z,KXLOWTDEN-26MAY22-B43.5,KXLOWTDEN-26MAY22,2026-05-22,YES,1.27,0.07,0.13612378900399943,0.07,0.06612378900399943,ensemble,43.0 <= temp_min <= 44.0 @ DENVER on 2026-05-22,2026-05-23T19:10:10Z,no,-1.26,bet
20260521T195649Z298884,2026-05-21T19:57:04Z,KXLOWTSEA-26MAY22-B48.5,KXLOWTSEA-26MAY22,2026-05-22,YES,3.61,0.065,0.26800500990572745,0.065,0.20300500990572745,ensemble,48.0 <= temp_min <= 49.0 @ SEATTLE on 2026-05-22,2026-05-23T19:10:10Z,no,-3.58,bet
20260521T195704Z842583,2026-05-21T19:57:04Z,KXHIGHTSFO-26MAY22-B68.5,KXHIGHTSFO-26MAY22,2026-05-22,NO,20.48,0.305,0.10108632511162109,0.305,-0.20391367488837892,ensemble,68.0 <= temp_max <= 69.0 @ SANFRANCISCO on 2026-05-22,2026-05-23T19:10:10Z,yes,-20.16,bet
20260521T195704Z989887,2026-05-21T19:57:05Z,KXHIGHTSFO-26MAY22-B70.5,KXHIGHTSFO-26MAY22,2026-05-22,NO,20.48,0.275,0.0956945831522221,0.275,-0.17930541684777793,ensemble,70.0 <= temp_max <= 71.0 @ SANFRANCISCO on 2026-05-22,2026-05-23T19:10:10Z,no,7.70,bet
20260521T195705Z138565,2026-05-21T19:57:05Z,KXHIGHTSFO-26MAY22-B72.5,KXHIGHTSFO-26MAY22,2026-05-22,NO,20.48,0.14500000000000002,0.0896933233498841,0.14500000000000002,-0.05530667665011592,ensemble,72.0 <= temp_max <= 73.0 @ SANFRANCISCO on 2026-05-22,2026-05-23T19:10:10Z,no,3.34,bet
20260521T195706Z312032,2026-05-21T19:57:07Z,KXHIGHTBOS-26MAY22-B62.5,KXHIGHTBOS-26MAY22,2026-05-22,NO,20.48,0.225,0.11938215348876202,0.225,-0.10561784651123798,ensemble,62.0 <= temp_max <= 63.0 @ BOSTON on 2026-05-22,2026-05-23T19:10:10Z,no,5.85,bet
20260521T195707Z408163,2026-05-21T19:57:14Z,KXHIGHTPHX-26MAY22-B96.5,KXHIGHTPHX-26MAY22,2026-05-22,NO,14.14,0.59,0.1566035236692006,0.59,-0.43339647633079936,ensemble,96.0 <= temp_max <= 97.0 @ PHOENIX on 2026-05-22,2026-05-23T19:10:10Z,no,20.06,bet
20260523T191016Z720221,2026-05-23T19:10:18Z,KXLOWTNYC-26MAY24-B50.5,KXLOWTNYC-26MAY24,2026-05-24,NO,20.55,0.375,0.16168294782474998,0.375,-0.21331705217525002,ensemble,50.0 <= temp_min <= 51.0 @ NYC on 2026-05-24,2026-05-25T19:39:11Z,yes,-20.00,bet
20260523T191018Z231601,2026-05-23T19:10:18Z,KXLOWTNYC-26MAY24-B52.5,KXLOWTNYC-26MAY24,2026-05-24,NO,20.55,0.345,0.1980471597714209,0.345,-0.14695284022857907,ensemble,52.0 <= temp_min <= 53.0 @ NYC on 2026-05-24,2026-05-25T19:39:12Z,no,10.70,bet
20260523T191018Z344019,2026-05-23T19:10:18Z,KXLOWTNYC-26MAY24-B54.5,KXLOWTNYC-26MAY24,2026-05-24,YES,2.75,0.10500000000000001,0.19614243220700242,0.10500000000000001,0.09114243220700241,ensemble,54.0 <= temp_min <= 55.0 @ NYC on 2026-05-24,2026-05-25T19:39:12Z,no,-2.73,bet
20260523T191106Z119415,2026-05-23T19:11:06Z,KXLOWTCHI-26MAY24-B56.5,KXLOWTCHI-26MAY24,2026-05-24,NO,20.55,0.275,0.12516381825620382,0.275,-0.1498361817437962,ensemble,56.0 <= temp_min <= 57.0 @ CHICAGO on 2026-05-24,2026-05-25T19:39:12Z,no,7.70,bet
20260523T191106Z835073,2026-05-23T19:11:06Z,KXLOWTCHI-26MAY24-B54.5,KXLOWTCHI-26MAY24,2026-05-24,NO,20.55,0.175,0.09560843399383619,0.175,-0.0793915660061638,ensemble,54.0 <= temp_min <= 55.0 @ CHICAGO on 2026-05-24,2026-05-25T19:39:12Z,no,4.20,bet
20260523T191151Z999740,2026-05-23T19:12:03Z,KXLOWTDC-26MAY24-B58.5,KXLOWTDC-26MAY24,2026-05-24,YES,2.01,0.055,0.18961551247522726,0.055,0.13461551247522727,ensemble,58.0 <= temp_min <= 59.0 @ WASHINGTON on 2026-05-24,2026-05-25T19:39:12Z,no,-1.98,bet
20260523T191203Z788604,2026-05-23T19:12:03Z,KXLOWTDC-26MAY24-B54.5,KXLOWTDC-26MAY24,2026-05-24,NO,20.55,0.42000000000000004,0.20042309369254,0.42000000000000004,-0.21957690630746005,ensemble,54.0 <= temp_min <= 55.0 @ WASHINGTON on 2026-05-24,2026-05-25T19:39:12Z,yes,-20.30,bet
20260523T191203Z904635,2026-05-23T19:12:04Z,KXLOWTDC-26MAY24-B52.5,KXLOWTDC-26MAY24,2026-05-24,NO,20.55,0.325,0.1508423378780393,0.325,-0.1741576621219607,ensemble,52.0 <= temp_min <= 53.0 @ WASHINGTON on 2026-05-24,2026-05-25T19:39:12Z,no,9.75,bet
20260523T191205Z050578,2026-05-23T19:12:12Z,KXLOWTBOS-26MAY24-B49.5,KXLOWTBOS-26MAY24,2026-05-24,NO,20.55,0.37,0.1747736359110954,0.37,-0.1952263640889046,ensemble,49.0 <= temp_min <= 50.0 @ BOSTON on 2026-05-24,2026-05-25T19:39:13Z,no,11.84,bet
20260523T191212Z747279,2026-05-23T19:12:20Z,KXLOWTBOS-26MAY24-B47.5,KXLOWTBOS-26MAY24,2026-05-24,NO,20.55,0.225,0.12467387341986451,0.225,-0.1003261265801355,ensemble,47.0 <= temp_min <= 48.0 @ BOSTON on 2026-05-24,2026-05-25T19:39:13Z,no,5.85,bet
20260523T191302Z162525,2026-05-23T19:13:02Z,KXLOWTMIA-26MAY24-B78.5,KXLOWTMIA-26MAY24,2026-05-24,NO,20.55,0.525,0.29994434270742815,0.525,-0.22505565729257188,ensemble,78.0 <= temp_min <= 79.0 @ MIAMI on 2026-05-24,2026-05-25T19:39:13Z,yes,-20.43,bet
20260523T191302Z896196,2026-05-23T19:13:03Z,KXLOWTMIA-26MAY24-B76.5,KXLOWTMIA-26MAY24,2026-05-24,YES,3.59,0.12,0.19108074007231576,0.12,0.07108074007231577,ensemble,76.0 <= temp_min <= 77.0 @ MIAMI on 2026-05-24,2026-05-25T19:39:13Z,no,-3.48,bet
20260523T191303Z008290,2026-05-23T19:13:03Z,KXLOWTMIA-26MAY24-B74.5,KXLOWTMIA-26MAY24,2026-05-24,YES,1.28,0.060000000000000005,0.09056838894223865,0.060000000000000005,0.030568388942238643,ensemble,74.0 <= temp_min <= 75.0 @ MIAMI on 2026-05-24,2026-05-25T19:39:13Z,no,-1.26,bet
20260523T191304Z268877,2026-05-23T19:13:11Z,KXLOWTPHX-26MAY24-B73.5,KXLOWTPHX-26MAY24,2026-05-24,NO,20.55,0.37,0.16951725645579413,0.37,-0.20048274354420587,ensemble,73.0 <= temp_min <= 74.0 @ PHOENIX on 2026-05-24,2026-05-25T19:39:13Z,no,11.84,bet
20260523T191311Z960958,2026-05-23T19:13:19Z,KXLOWTPHX-26MAY24-B71.5,KXLOWTPHX-26MAY24,2026-05-24,YES,1.24,0.06,0.1356286703323407,0.06,0.07562867033234069,ensemble,71.0 <= temp_min <= 72.0 @ PHOENIX on 2026-05-24,2026-05-25T19:39:13Z,no,-1.20,bet
20260523T191319Z502722,2026-05-23T19:13:27Z,KXLOWTPHX-26MAY24-B69.5,KXLOWTPHX-26MAY24,2026-05-24,YES,0.4,0.025,0.08545533888821226,0.025,0.06045533888821226,ensemble,69.0 <= temp_min <= 70.0 @ PHOENIX on 2026-05-24,2026-05-25T19:39:13Z,no,-0.40,bet
20260523T191401Z159801,2026-05-23T19:14:01Z,KXLOWTDEN-26MAY24-B48.5,KXLOWTDEN-26MAY24,2026-05-24,NO,20.55,0.255,0.10656368549629153,0.255,-0.14843631450370848,ensemble,48.0 <= temp_min <= 49.0 @ DENVER on 2026-05-24,2026-05-25T19:39:13Z,no,6.89,bet
20260523T191401Z846935,2026-05-23T19:14:01Z,KXLOWTDEN-26MAY24-B50.5,KXLOWTDEN-26MAY24,2026-05-24,NO,20.55,0.215,0.14287419624793235,0.215,-0.07212580375206765,ensemble,50.0 <= temp_min <= 51.0 @ DENVER on 2026-05-24,2026-05-25T19:39:14Z,no,5.59,bet
20260523T191401Z958228,2026-05-23T19:14:02Z,KXLOWTDEN-26MAY24-B46.5,KXLOWTDEN-26MAY24,2026-05-24,NO,20.55,0.15000000000000002,0.07299734052814323,0.15000000000000002,-0.07700265947185679,ensemble,46.0 <= temp_min <= 47.0 @ DENVER on 2026-05-24,2026-05-25T19:39:14Z,no,3.60,bet
20260523T191403Z477943,2026-05-23T19:14:11Z,KXHIGHTSFO-26MAY24-B64.5,KXHIGHTSFO-26MAY24,2026-05-24,NO,20.55,0.39,0.12941546768879272,0.39,-0.26058453231120726,ensemble,64.0 <= temp_max <= 65.0 @ SANFRANCISCO on 2026-05-24,2026-05-25T19:39:14Z,no,12.87,bet
20260523T191411Z169000,2026-05-23T19:14:18Z,KXHIGHTSFO-26MAY24-B66.5,KXHIGHTSFO-26MAY24,2026-05-24,NO,9.34,0.295,0.11668894098877028,0.295,-0.1783110590112297,ensemble,66.0 <= temp_max <= 67.0 @ SANFRANCISCO on 2026-05-24,2026-05-25T19:39:14Z,no,3.83,bet
20260525T193916Z784202,2026-05-25T19:39:17Z,KXLOWTNYC-26MAY26-B58.5,KXLOWTNYC-26MAY26,2026-05-26,NO,21.01,0.29000000000000004,0.13391883761707354,0.29000000000000004,-0.1560811623829265,ensemble,58.0 <= temp_min <= 59.0 @ NYC on 2026-05-26,2026-05-27T20:17:04Z,yes,-20.59,bet
20260525T193917Z425136,2026-05-25T19:39:17Z,KXLOWTNYC-26MAY26-B60.5,KXLOWTNYC-26MAY26,2026-05-26,NO,21.01,0.33499999999999996,0.1852108581336349,0.33499999999999996,-0.14978914186636508,ensemble,60.0 <= temp_min <= 61.0 @ NYC on 2026-05-26,2026-05-27T20:17:04Z,no,10.38,bet
20260525T193918Z567903,2026-05-25T19:39:26Z,KXLOWTLAX-26MAY26-B57.5,KXLOWTLAX-26MAY26,2026-05-26,NO,21.01,0.47,0.37283825538212095,0.47,-0.09716174461787902,ensemble,57.0 <= temp_min <= 58.0 @ LOSANGELES on 2026-05-26,2026-05-27T20:17:05Z,yes,-20.67,bet
20260525T194003Z232400,2026-05-25T19:40:06Z,KXLOWTSFO-26MAY26-B51.5,KXLOWTSFO-26MAY26,2026-05-26,NO,21.01,0.475,0.33910799567093436,0.475,-0.13589200432906562,ensemble,51.0 <= temp_min <= 52.0 @ SANFRANCISCO on 2026-05-26,2026-05-27T20:17:05Z,no,19.00,bet
20260525T194006Z055363,2026-05-25T19:40:06Z,KXLOWTSFO-26MAY26-B49.5,KXLOWTSFO-26MAY26,2026-05-26,YES,2.17,0.1,0.07253536715177841,0.1,-0.027464632848221593,ensemble,49.0 <= temp_min <= 50.0 @ SANFRANCISCO on 2026-05-26,2026-05-27T20:17:05Z,no,-2.10,bet
20260525T194014Z619167,2026-05-25T19:40:22Z,KXLOWTCHI-26MAY26-B61.5,KXLOWTCHI-26MAY26,2026-05-26,NO,21.01,0.33999999999999997,0.12637963544525954,0.33999999999999997,-0.21362036455474043,ensemble,61.0 <= temp_min <= 62.0 @ CHICAGO on 2026-05-26,2026-05-27T20:17:05Z,yes,-20.46,bet
20260525T194022Z530861,2026-05-25T19:40:29Z,KXLOWTCHI-26MAY26-B59.5,KXLOWTCHI-26MAY26,2026-05-26,NO,21.01,0.225,0.09901756445708611,0.225,-0.12598243554291388,ensemble,59.0 <= temp_min <= 60.0 @ CHICAGO on 2026-05-26,2026-05-27T20:17:05Z,no,6.07,bet
20260525T194102Z811319,2026-05-25T19:41:03Z,KXLOWTDC-26MAY26-B63.5,KXLOWTDC-26MAY26,2026-05-26,YES,1.81,0.09,0.12428105597738649,0.09,0.034281055977386496,ensemble,63.0 <= temp_min <= 64.0 @ WASHINGTON on 2026-05-26,2026-05-27T20:17:05Z,yes,18.20,bet
20260525T194104Z280920,2026-05-25T19:41:11Z,KXLOWTBOS-26MAY26-B53.5,KXLOWTBOS-26MAY26,2026-05-26,YES,0.7,0.05,0.10095562572798207,0.05,0.05095562572798207,ensemble,53.0 <= temp_min <= 54.0 @ BOSTON on 2026-05-26,2026-05-27T20:17:05Z,yes,12.35,bet
20260525T194155Z596000,2026-05-25T19:42:04Z,KXLOWTMIA-26MAY26-B80.5,KXLOWTMIA-26MAY26,2026-05-26,YES,5.78,0.08499999999999999,0.3220920381295621,0.08499999999999999,0.23709203812956212,ensemble,80.0 <= temp_min <= 81.0 @ MIAMI on 2026-05-26,2026-05-27T20:17:05Z,yes,62.22,bet
20260525T194204Z125078,2026-05-25T19:42:04Z,KXLOWTMIA-26MAY26-B78.5,KXLOWTMIA-26MAY26,2026-05-26,NO,21.01,0.45,0.28570246197104165,0.45,-0.16429753802895836,ensemble,78.0 <= temp_min <= 79.0 @ MIAMI on 2026-05-26,2026-05-27T20:17:05Z,no,17.10,bet
20260525T194204Z271905,2026-05-25T19:42:04Z,KXLOWTMIA-26MAY26-B76.5,KXLOWTMIA-26MAY26,2026-05-26,NO,21.01,0.325,0.06801412980752461,0.325,-0.25698587019247543,ensemble,76.0 <= temp_min <= 77.0 @ MIAMI on 2026-05-26,2026-05-27T20:17:05Z,no,10.07,bet
20260525T194205Z237886,2026-05-25T19:42:12Z,KXLOWTPHX-26MAY26-B72.5,KXLOWTPHX-26MAY26,2026-05-26,NO,21.01,0.315,0.15223855767582967,0.315,-0.16276144232417034,ensemble,72.0 <= temp_min <= 73.0 @ PHOENIX on 2026-05-26,2026-05-27T20:17:05Z,yes,-20.55,bet
20260525T194212Z713465,2026-05-25T19:42:20Z,KXLOWTPHX-26MAY26-B70.5,KXLOWTPHX-26MAY26,2026-05-26,YES,1.14,0.07,0.12767862436194735,0.07,0.057678624361947345,ensemble,70.0 <= temp_min <= 71.0 @ PHOENIX on 2026-05-26,2026-05-27T20:17:05Z,no,-1.12,bet
20260525T194303Z930360,2026-05-25T19:43:05Z,KXLOWTDEN-26MAY26-B53.5,KXLOWTDEN-26MAY26,2026-05-26,NO,21.01,0.215,0.10111998508660677,0.215,-0.11388001491339322,ensemble,53.0 <= temp_min <= 54.0 @ DENVER on 2026-05-26,2026-05-27T20:17:05Z,yes,-20.41,bet
20260525T194305Z112409,2026-05-25T19:43:05Z,KXLOWTDEN-26MAY26-B55.5,KXLOWTDEN-26MAY26,2026-05-26,NO,21.01,0.28,0.13732249755425097,0.28,-0.14267750244574906,ensemble,55.0 <= temp_min <= 56.0 @ DENVER on 2026-05-26,2026-05-27T20:17:05Z,no,8.12,bet
20260525T194306Z020810,2026-05-25T19:43:13Z,KXLOWTSEA-26MAY26-B46.5,KXLOWTSEA-26MAY26,2026-05-26,NO,21.01,0.43,0.2600921961640929,0.43,-0.1699078038359071,ensemble,46.0 <= temp_min <= 47.0 @ SEATTLE on 2026-05-26,2026-05-27T20:17:06Z,no,15.48,bet
20260525T194313Z499048,2026-05-25T19:43:20Z,KXLOWTSEA-26MAY26-B48.5,KXLOWTSEA-26MAY26,2026-05-26,NO,21.01,0.315,0.23247684685339792,0.315,-0.08252315314660208,ensemble,48.0 <= temp_min <= 49.0 @ SEATTLE on 2026-05-26,2026-05-27T20:17:06Z,yes,-20.55,bet
20260525T194320Z873798,2026-05-25T19:43:28Z,KXLOWTSEA-26MAY26-B44.5,KXLOWTSEA-26MAY26,2026-05-26,YES,2.19,0.125,0.18323649870501663,0.125,0.058236498705016626,ensemble,44.0 <= temp_min <= 45.0 @ SEATTLE on 2026-05-26,2026-05-27T20:17:06Z,no,-2.12,bet
20260525T194328Z449517,2026-05-25T19:43:28Z,KXHIGHTSFO-26MAY26-B64.5,KXHIGHTSFO-26MAY26,2026-05-26,NO,21.01,0.375,0.13042055638408806,0.375,-0.24457944361591194,ensemble,64.0 <= temp_max <= 65.0 @ SANFRANCISCO on 2026-05-26,2026-05-27T20:17:06Z,yes,-20.62,bet
20260525T194328Z595865,2026-05-25T19:43:28Z,KXHIGHTSFO-26MAY26-B62.5,KXHIGHTSFO-26MAY26,2026-05-26,NO,7.24,0.4,0.16207561926034111,0.4,-0.2379243807396589,ensemble,62.0 <= temp_max <= 63.0 @ SANFRANCISCO on 2026-05-26,2026-05-27T20:17:06Z,no,4.80,bet
20260527T201708Z214535,2026-05-27T20:17:08Z,KXLOWTNYC-26MAY28-B61.5,KXLOWTNYC-26MAY28,2026-05-28,NO,21.7,0.335,0.19560336547756965,0.335,-0.13939663452243037,ensemble,61.0 <= temp_min <= 62.0 @ NYC on 2026-05-28,2026-05-29T20:25:19Z,yes,-21.28,bet
20260527T201708Z968886,2026-05-27T20:17:09Z,KXLOWTNYC-26MAY28-B63.5,KXLOWTNYC-26MAY28,2026-05-28,NO,21.7,0.315,0.2094969873158438,0.315,-0.10550301268415621,ensemble,63.0 <= temp_min <= 64.0 @ NYC on 2026-05-28,2026-05-29T20:25:19Z,no,9.76,bet
20260527T201709Z116159,2026-05-27T20:17:09Z,KXLOWTNYC-26MAY28-B65.5,KXLOWTNYC-26MAY28,2026-05-28,YES,2.1,0.095,0.16891485001462342,0.095,0.07391485001462342,ensemble,65.0 <= temp_min <= 66.0 @ NYC on 2026-05-28,2026-05-29T20:25:19Z,no,-2.09,bet
20260527T201710Z545608,2026-05-27T20:17:18Z,KXLOWTLAX-26MAY28-B55.5,KXLOWTLAX-26MAY28,2026-05-28,NO,21.7,0.44,0.29125286483344404,0.44,-0.14874713516655597,ensemble,55.0 <= temp_min <= 56.0 @ LOSANGELES on 2026-05-28,2026-05-29T20:25:19Z,yes,-21.28,bet
20260527T201718Z097403,2026-05-27T20:17:25Z,KXLOWTLAX-26MAY28-B59.5,KXLOWTLAX-26MAY28,2026-05-28,YES,1.98,0.055,0.1805291171923663,0.055,0.1255291171923663,ensemble,59.0 <= temp_min <= 60.0 @ LOSANGELES on 2026-05-28,2026-05-29T20:25:19Z,no,-1.93,bet
20260527T201803Z174523,2026-05-27T20:18:04Z,KXLOWTSFO-26MAY28-B54.5,KXLOWTSFO-26MAY28,2026-05-28,NO,21.7,0.555,0.4888149434001473,0.555,-0.06618505659985274,ensemble,54.0 <= temp_min <= 55.0 @ SANFRANCISCO on 2026-05-28,2026-05-29T20:25:20Z,yes,-21.36,bet
20260527T201805Z261718,2026-05-27T20:18:12Z,KXLOWTCHI-26MAY28-B55.5,KXLOWTCHI-26MAY28,2026-05-28,NO,21.7,0.33499999999999996,0.14856660497309657,0.33499999999999996,-0.1864333950269034,ensemble,55.0 <= temp_min <= 56.0 @ CHICAGO on 2026-05-28,2026-05-29T20:25:20Z,yes,-21.28,bet
20260527T201812Z809026,2026-05-27T20:18:20Z,KXLOWTCHI-26MAY28-B57.5,KXLOWTCHI-26MAY28,2026-05-28,NO,21.7,0.28500000000000003,0.15247957203221268,0.28500000000000003,-0.13252042796778735,ensemble,57.0 <= temp_min <= 58.0 @ CHICAGO on 2026-05-28,2026-05-29T20:25:20Z,no,8.55,bet
20260527T201904Z413241,2026-05-27T20:19:05Z,KXLOWTDC-26MAY28-B65.5,KXLOWTDC-26MAY28,2026-05-28,YES,4.51,0.11,0.16889632375021763,0.11,0.058896323750217625,ensemble,65.0 <= temp_min <= 66.0 @ WASHINGTON on 2026-05-28,2026-05-29T20:25:21Z,no,-4.40,bet
20260527T201905Z771187,2026-05-27T20:19:05Z,KXLOWTDC-26MAY28-B63.5,KXLOWTDC-26MAY28,2026-05-28,NO,21.7,0.315,0.1692286342707062,0.315,-0.1457713657292938,ensemble,63.0 <= temp_min <= 64.0 @ WASHINGTON on 2026-05-28,2026-05-29T20:25:21Z,yes,-21.24,bet
20260527T201906Z817458,2026-05-27T20:19:14Z,KXLOWTBOS-26MAY28-B52.5,KXLOWTBOS-26MAY28,2026-05-28,YES,0.79,0.04,0.11004002839172844,0.04,0.07004002839172843,ensemble,52.0 <= temp_min <= 53.0 @ BOSTON on 2026-05-28,2026-05-29T20:25:21Z,no,-0.76,bet
20260527T201958Z531708,2026-05-27T20:20:06Z,KXLOWTMIA-26MAY28-B77.5,KXLOWTMIA-26MAY28,2026-05-28,NO,21.7,0.47,0.31261877865867455,0.47,-0.15738122134132543,ensemble,77.0 <= temp_min <= 78.0 @ MIAMI on 2026-05-28,2026-05-29T20:25:21Z,no,18.80,bet
20260527T202006Z089472,2026-05-27T20:20:06Z,KXLOWTMIA-26MAY28-B79.5,KXLOWTMIA-26MAY28,2026-05-28,YES,6.03,0.20500000000000002,0.3176181544467405,0.20500000000000002,0.1126181544467405,ensemble,79.0 <= temp_min <= 80.0 @ MIAMI on 2026-05-28,2026-05-29T20:25:21Z,no,-5.95,bet
20260527T202006Z240261,2026-05-27T20:20:06Z,KXLOWTMIA-26MAY28-B75.5,KXLOWTMIA-26MAY28,2026-05-28,NO,21.7,0.255,0.15414952889592679,0.255,-0.10085047110407322,ensemble,75.0 <= temp_min <= 76.0 @ MIAMI on 2026-05-28,2026-05-29T20:25:21Z,yes,-21.61,bet
20260527T202014Z026940,2026-05-27T20:20:21Z,KXLOWTPHX-26MAY28-B68.5,KXLOWTPHX-26MAY28,2026-05-28,NO,21.7,0.435,0.1645320440106024,0.435,-0.2704679559893976,ensemble,68.0 <= temp_min <= 69.0 @ PHOENIX on 2026-05-28,2026-05-29T20:25:22Z,no,16.53,bet
20260527T202021Z782370,2026-05-27T20:20:29Z,KXLOWTPHX-26MAY28-B66.5,KXLOWTPHX-26MAY28,2026-05-28,YES,1.08,0.065,0.12229895461396605,0.065,0.057298954613966044,ensemble,66.0 <= temp_min <= 67.0 @ PHOENIX on 2026-05-28,2026-05-29T20:25:22Z,no,-1.04,bet
20260527T202102Z881414,2026-05-27T20:21:03Z,KXLOWTDEN-26MAY28-B54.5,KXLOWTDEN-26MAY28,2026-05-28,YES,4.77,0.08499999999999999,0.18707212799234715,0.08499999999999999,0.10207212799234716,ensemble,54.0 <= temp_min <= 55.0 @ DENVER on 2026-05-28,2026-05-29T20:25:22Z,no,-4.76,bet
20260527T202103Z537864,2026-05-27T20:21:03Z,KXLOWTDEN-26MAY28-B50.5,KXLOWTDEN-26MAY28,2026-05-28,NO,21.7,0.31,0.15322922240360026,0.31,-0.15677077759639974,ensemble,50.0 <= temp_min <= 51.0 @ DENVER on 2026-05-28,2026-05-29T20:25:22Z,yes,-21.39,bet
20260527T202103Z691338,2026-05-27T20:21:03Z,KXLOWTDEN-26MAY28-B56.5,KXLOWTDEN-26MAY28,2026-05-28,YES,1.27,0.045,0.14402717260600828,0.045,0.09902717260600828,ensemble,56.0 <= temp_min <= 57.0 @ DENVER on 2026-05-28,2026-05-29T20:25:22Z,no,-1.26,bet
20260527T202104Z973119,2026-05-27T20:21:12Z,KXLOWTSEA-26MAY28-B54.5,KXLOWTSEA-26MAY28,2026-05-28,NO,21.7,0.49,0.27312206882756196,0.49,-0.21687793117243803,ensemble,54.0 <= temp_min <= 55.0 @ SEATTLE on 2026-05-28,2026-05-29T20:25:22Z,no,20.58,bet
20260527T202112Z516375,2026-05-27T20:21:19Z,KXLOWTSEA-26MAY28-B50.5,KXLOWTSEA-26MAY28,2026-05-28,YES,1.92,0.055,0.1768622891783872,0.055,0.1218622891783872,ensemble,50.0 <= temp_min <= 51.0 @ SEATTLE on 2026-05-28,2026-05-29T20:25:22Z,no,-1.87,bet
20260527T202120Z144815,2026-05-27T20:21:20Z,KXHIGHTSFO-26MAY28-B68.5,KXHIGHTSFO-26MAY28,2026-05-28,NO,21.7,0.395,0.11898298226977341,0.395,-0.2760170177302266,ensemble,68.0 <= temp_max <= 69.0 @ SANFRANCISCO on 2026-05-28,2026-05-29T20:25:23Z,no,13.82,bet
20260527T202120Z294593,2026-05-27T20:21:20Z,KXHIGHTSFO-26MAY28-B70.5,KXHIGHTSFO-26MAY28,2026-05-28,NO,19.0,0.22999999999999998,0.10034896135712901,0.22999999999999998,-0.12965103864287097,ensemble,70.0 <= temp_max <= 71.0 @ SANFRANCISCO on 2026-05-28,2026-05-29T20:25:23Z,no,5.52,bet
20260529T202525Z689167,2026-05-29T20:25:27Z,KXLOWTNYC-26MAY30-B52.5,KXLOWTNYC-26MAY30,2026-05-30,NO,20.1,0.315,0.171873543673583,0.315,-0.143126456326417,ensemble,52.0 <= temp_min <= 53.0 @ NYC on 2026-05-30,2026-05-31T19:17:19Z,no,9.13,bet
20260529T202527Z514760,2026-05-29T20:25:27Z,KXLOWTNYC-26MAY30-B54.5,KXLOWTNYC-26MAY30,2026-05-30,NO,20.1,0.315,0.19818045735877346,0.315,-0.11681954264122654,ensemble,54.0 <= temp_min <= 55.0 @ NYC on 2026-05-30,2026-05-31T19:17:19Z,no,9.13,bet
20260529T202530Z332162,2026-05-29T20:25:38Z,KXLOWTLAX-26MAY30-B58.5,KXLOWTLAX-26MAY30,2026-05-30,NO,20.1,0.51,0.3370469314539112,0.51,-0.17295306854608883,ensemble,58.0 <= temp_min <= 59.0 @ LOSANGELES on 2026-05-30,2026-05-31T19:17:19Z,no,20.91,bet
20260529T202538Z038793,2026-05-29T20:25:45Z,KXLOWTLAX-26MAY30-B56.5,KXLOWTLAX-26MAY30,2026-05-30,YES,3.19,0.14500000000000002,0.21982294486141232,0.14500000000000002,0.0748229448614123,ensemble,56.0 <= temp_min <= 57.0 @ LOSANGELES on 2026-05-30,2026-05-31T19:17:19Z,no,-3.05,bet
20260529T202605Z332662,2026-05-29T20:26:06Z,KXLOWTCHI-26MAY30-B57.5,KXLOWTCHI-26MAY30,2026-05-30,NO,20.1,0.24,0.14348157457753316,0.24,-0.09651842542246683,ensemble,57.0 <= temp_min <= 58.0 @ CHICAGO on 2026-05-30,2026-05-31T19:17:19Z,yes,-19.76,bet
20260529T202651Z269081,2026-05-29T20:27:05Z,KXLOWTDC-26MAY30-B61.5,KXLOWTDC-26MAY30,2026-05-30,YES,5.49,0.095,0.30308443952753683,0.095,0.20808443952753683,ensemble,61.0 <= temp_min <= 62.0 @ WASHINGTON on 2026-05-30,2026-05-31T19:17:19Z,yes,51.59,bet
20260529T202705Z635266,2026-05-29T20:27:05Z,KXLOWTDC-26MAY30-B57.5,KXLOWTDC-26MAY30,2026-05-30,NO,20.1,0.32,0.13527452320127575,0.32,-0.18472547679872425,ensemble,57.0 <= temp_min <= 58.0 @ WASHINGTON on 2026-05-30,2026-05-31T19:17:20Z,no,9.28,bet
20260529T202705Z758227,2026-05-29T20:27:05Z,KXLOWTDC-26MAY30-B59.5,KXLOWTDC-26MAY30,2026-05-30,NO,20.1,0.33,0.18310936366176866,0.33,-0.14689063633823135,ensemble,59.0 <= temp_min <= 60.0 @ WASHINGTON on 2026-05-30,2026-05-31T19:17:20Z,no,9.90,bet
20260529T202706Z951375,2026-05-29T20:27:14Z,KXLOWTBOS-26MAY30-B43.5,KXLOWTBOS-26MAY30,2026-05-30,NO,20.1,0.345,0.14291208335706743,0.345,-0.20208791664293255,ensemble,43.0 <= temp_min <= 44.0 @ BOSTON on 2026-05-30,2026-05-31T19:17:20Z,no,10.35,bet
20260529T202714Z649822,2026-05-29T20:27:22Z,KXLOWTBOS-26MAY30-B45.5,KXLOWTBOS-26MAY30,2026-05-30,NO,20.1,0.29000000000000004,0.15911418785407996,0.29000000000000004,-0.13088581214592007,ensemble,45.0 <= temp_min <= 46.0 @ BOSTON on 2026-05-30,2026-05-31T19:17:20Z,yes,-19.88,bet
20260529T202722Z190554,2026-05-29T20:27:29Z,KXLOWTBOS-26MAY30-B41.5,KXLOWTBOS-26MAY30,2026-05-30,NO,20.1,0.215,0.1095537447302643,0.215,-0.1054462552697357,ensemble,41.0 <= temp_min <= 42.0 @ BOSTON on 2026-05-30,2026-05-31T19:17:20Z,no,5.38,bet
20260529T202802Z520835,2026-05-29T20:28:05Z,KXLOWTMIA-26MAY30-B74.5,KXLOWTMIA-26MAY30,2026-05-30,NO,20.1,0.37,0.14206288129425867,0.37,-0.22793711870574132,ensemble,74.0 <= temp_min <= 75.0 @ MIAMI on 2026-05-30,2026-05-31T19:17:20Z,no,11.47,bet
20260529T202805Z049711,2026-05-29T20:28:05Z,KXLOWTMIA-26MAY30-B76.5,KXLOWTMIA-26MAY30,2026-05-30,NO,20.1,0.44999999999999996,0.2713888467773336,0.44999999999999996,-0.17861115322266635,ensemble,76.0 <= temp_min <= 77.0 @ MIAMI on 2026-05-30,2026-05-31T19:17:20Z,yes,-19.80,bet
20260529T202805Z167135,2026-05-29T20:28:05Z,KXLOWTMIA-26MAY30-B78.5,KXLOWTMIA-26MAY30,2026-05-30,YES,6.32,0.12000000000000001,0.3042976372782954,0.12000000000000001,0.1842976372782954,ensemble,78.0 <= temp_min <= 79.0 @ MIAMI on 2026-05-30,2026-05-31T19:17:20Z,no,-6.24,bet
20260529T202808Z031059,2026-05-29T20:28:15Z,KXLOWTPHX-26MAY30-B67.5,KXLOWTPHX-26MAY30,2026-05-30,NO,20.1,0.435,0.13686749288617958,0.435,-0.29813250711382044,ensemble,67.0 <= temp_min <= 68.0 @ PHOENIX on 2026-05-30,2026-05-31T19:17:20Z,no,15.23,bet
20260529T202815Z730045,2026-05-29T20:28:23Z,KXLOWTPHX-26MAY30-B63.5,KXLOWTPHX-26MAY30,2026-05-30,YES,0.47,0.035,0.08626462141427962,0.035,0.05126462141427962,ensemble,63.0 <= temp_min <= 64.0 @ PHOENIX on 2026-05-30,2026-05-31T19:17:20Z,no,-0.46,bet
20260529T202901Z632687,2026-05-29T20:29:02Z,KXLOWTDEN-26MAY30-B54.5,KXLOWTDEN-26MAY30,2026-05-30,YES,3.65,0.075,0.18339631009160062,0.075,0.10839631009160063,ensemble,54.0 <= temp_min <= 55.0 @ DENVER on 2026-05-30,2026-05-31T19:17:20Z,no,-3.60,bet
20260529T202902Z320903,2026-05-29T20:29:02Z,KXLOWTDEN-26MAY30-B48.5,KXLOWTDEN-26MAY30,2026-05-30,NO,20.1,0.25,0.1172701429155257,0.25,-0.1327298570844743,ensemble,48.0 <= temp_min <= 49.0 @ DENVER on 2026-05-30,2026-05-31T19:17:20Z,yes,-19.50,bet
20260529T202902Z438739,2026-05-29T20:29:02Z,KXLOWTDEN-26MAY30-B52.5,KXLOWTDEN-26MAY30,2026-05-30,YES,6.05,0.21000000000000002,0.21207919287439145,0.21000000000000002,0.002079192874391428,ensemble,52.0 <= temp_min <= 53.0 @ DENVER on 2026-05-30,2026-05-31T19:17:20Z,no,-5.88,bet
20260529T202904Z726473,2026-05-29T20:29:12Z,KXLOWTSEA-26MAY30-B45.5,KXLOWTSEA-26MAY30,2026-05-30,NO,15.1,0.38,0.27195853933420605,0.38,-0.10804146066579395,ensemble,45.0 <= temp_min <= 46.0 @ SEATTLE on 2026-05-30,2026-05-31T19:17:20Z,yes,-14.88,bet
20260531T191724Z652620,2026-05-31T19:17:28Z,KXLOWTNYC-26JUN01-B56.5,KXLOWTNYC-26JUN01,2026-06-01,NO,20.89,0.335,0.22704196678203495,0.335,-0.10795803321796507,ensemble,56.0 <= temp_min <= 57.0 @ NYC on 2026-06-01,2026-06-02T20:49:27Z,no,10.38,bet
20260531T191728Z174010,2026-05-31T19:17:28Z,KXLOWTNYC-26JUN01-B54.5,KXLOWTNYC-26JUN01,2026-06-01,NO,20.89,0.295,0.18774915920028723,0.295,-0.10725084079971275,ensemble,54.0 <= temp_min <= 55.0 @ NYC on 2026-06-01,2026-06-02T20:49:27Z,no,8.55,bet
20260531T191728Z324480,2026-05-31T19:17:28Z,KXLOWTNYC-26JUN01-B60.5,KXLOWTNYC-26JUN01,2026-06-01,YES,1.12,0.060000000000000005,0.1270149098389151,0.060000000000000005,0.06701490983891512,ensemble,60.0 <= temp_min <= 61.0 @ NYC on 2026-06-01,2026-06-02T20:49:27Z,no,-1.08,bet
20260531T191729Z138741,2026-05-31T19:17:36Z,KXLOWTLAX-26JUN01-B59.5,KXLOWTLAX-26JUN01,2026-06-01,NO,20.89,0.435,0.2606623556332645,0.435,-0.1743376443667355,ensemble,59.0 <= temp_min <= 60.0 @ LOSANGELES on 2026-06-01,2026-06-03T20:55:27Z,no,15.66,bet
20260531T191736Z628070,2026-05-31T19:17:44Z,KXLOWTLAX-26JUN01-B61.5,KXLOWTLAX-26JUN01,2026-06-01,NO,20.89,0.33999999999999997,0.28763806571313766,0.33999999999999997,-0.05236193428686231,ensemble,61.0 <= temp_min <= 62.0 @ LOSANGELES on 2026-06-01,2026-06-03T20:55:27Z,yes,-20.46,bet
20260531T191805Z093226,2026-05-31T19:18:08Z,KXLOWTSFO-26JUN01-B50.5,KXLOWTSFO-26JUN01,2026-06-01,NO,20.89,0.44499999999999995,0.3027345459133628,0.44499999999999995,-0.14226545408663716,ensemble,50.0 <= temp_min <= 51.0 @ SANFRANCISCO on 2026-06-01,2026-06-02T20:49:28Z,no,16.46,bet
20260531T191808Z597105,2026-05-31T19:18:08Z,KXLOWTSFO-26JUN01-B48.5,KXLOWTSFO-26JUN01,2026-06-01,YES,1.98,0.075,0.16834168186530105,0.075,0.09334168186530105,ensemble,48.0 <= temp_min <= 49.0 @ SANFRANCISCO on 2026-06-01,2026-06-02T20:49:28Z,no,-1.95,bet
20260531T191808Z746649,2026-05-31T19:18:08Z,KXLOWTSFO-26JUN01-B52.5,KXLOWTSFO-26JUN01,2026-06-01,NO,20.89,0.385,0.2937080409797428,0.385,-0.09129195902025722,ensemble,52.0 <= temp_min <= 53.0 @ SANFRANCISCO on 2026-06-01,2026-06-02T20:49:28Z,yes,-20.29,bet
20260531T191812Z795169,2026-05-31T19:18:20Z,KXLOWTCHI-26JUN01-B57.5,KXLOWTCHI-26JUN01,2026-06-01,NO,20.89,0.38,0.14882078734185025,0.38,-0.23117921265814975,ensemble,57.0 <= temp_min <= 58.0 @ CHICAGO on 2026-06-01,2026-06-02T20:49:28Z,no,12.54,bet
20260531T191820Z285850,2026-05-31T19:18:27Z,KXLOWTCHI-26JUN01-B59.5,KXLOWTCHI-26JUN01,2026-06-01,NO,20.89,0.25,0.13201540164303707,0.25,-0.11798459835696293,ensemble,59.0 <= temp_min <= 60.0 @ CHICAGO on 2026-06-01,2026-06-02T20:49:29Z,no,6.75,bet
20260531T191827Z678276,2026-05-31T19:18:35Z,KXLOWTCHI-26JUN01-B55.5,KXLOWTCHI-26JUN01,2026-06-01,NO,20.89,0.245,0.14867582516765196,0.245,-0.09632417483234804,ensemble,55.0 <= temp_min <= 56.0 @ CHICAGO on 2026-06-01,2026-06-02T20:49:29Z,yes,-20.39,bet
20260531T191905Z957569,2026-05-31T19:19:06Z,KXLOWTDC-26JUN01-B59.5,KXLOWTDC-26JUN01,2026-06-01,NO,20.89,0.485,0.18420917642528334,0.485,-0.30079082357471665,ensemble,59.0 <= temp_min <= 60.0 @ WASHINGTON on 2026-06-01,2026-06-02T20:49:29Z,yes,-20.60,bet
20260531T191906Z615957,2026-05-31T19:19:06Z,KXLOWTDC-26JUN01-B55.5,KXLOWTDC-26JUN01,2026-06-01,YES,0.88,0.045000000000000005,0.08563370710572404,0.045000000000000005,0.04063370710572404,ensemble,55.0 <= temp_min <= 56.0 @ WASHINGTON on 2026-06-01,2026-06-02T20:49:29Z,no,-0.86,bet
20260531T191909Z898720,2026-05-31T19:19:17Z,KXLOWTBOS-26JUN01-B45.5,KXLOWTBOS-26JUN01,2026-06-01,YES,1.11,0.045000000000000005,0.13497812046800814,0.045000000000000005,0.08997812046800813,ensemble,45.0 <= temp_min <= 46.0 @ BOSTON on 2026-06-01,2026-06-02T20:49:29Z,no,-1.08,bet
20260531T192001Z294210,2026-05-31T19:20:04Z,KXLOWTMIA-26JUN01-B76.5,KXLOWTMIA-26JUN01,2026-06-01,NO,20.89,0.48,0.3037761324636811,0.48,-0.17622386753631886,ensemble,76.0 <= temp_min <= 77.0 @ MIAMI on 2026-06-01,2026-06-02T20:49:30Z,yes,-20.80,bet
20260531T192004Z900242,2026-05-31T19:20:05Z,KXLOWTMIA-26JUN01-B72.5,KXLOWTMIA-26JUN01,2026-06-01,YES,0.53,0.035,0.0221942021675633,0.035,-0.012805797832436704,ensemble,72.0 <= temp_min <= 73.0 @ MIAMI on 2026-06-01,2026-06-02T20:49:30Z,no,-0.53,bet
20260531T192011Z794931,2026-05-31T19:20:19Z,KXLOWTPHX-26JUN01-B72.5,KXLOWTPHX-26JUN01,2026-06-01,YES,0.96,0.065,0.11808392050010899,0.065,0.05308392050010899,ensemble,72.0 <= temp_min <= 73.0 @ PHOENIX on 2026-06-01,2026-06-02T20:49:30Z,no,-0.91,bet
20260531T192103Z202487,2026-05-31T19:21:06Z,KXLOWTDEN-26JUN01-B57.5,KXLOWTDEN-26JUN01,2026-06-01,YES,1.43,0.03,0.14883381102645818,0.03,0.11883381102645818,ensemble,57.0 <= temp_min <= 58.0 @ DENVER on 2026-06-01,2026-06-02T20:49:30Z,no,-1.41,bet
20260531T192106Z225305,2026-05-31T19:21:06Z,KXLOWTDEN-26JUN01-B55.5,KXLOWTDEN-26JUN01,2026-06-01,YES,4.63,0.1,0.17773941948109154,0.1,0.07773941948109153,ensemble,55.0 <= temp_min <= 56.0 @ DENVER on 2026-06-01,2026-06-02T20:49:30Z,yes,41.40,bet
20260531T192106Z375377,2026-05-31T19:21:06Z,KXLOWTDEN-26JUN01-B53.5,KXLOWTDEN-26JUN01,2026-06-01,YES,3.96,0.185,0.17567109387522883,0.185,-0.009328906124771164,ensemble,53.0 <= temp_min <= 54.0 @ DENVER on 2026-06-01,2026-06-02T20:49:31Z,no,-3.88,bet
20260531T192109Z113074,2026-05-31T19:21:16Z,KXLOWTSEA-26JUN01-B44.5,KXLOWTSEA-26JUN01,2026-06-01,YES,1.63,0.05,0.16829374154231833,0.05,0.11829374154231832,ensemble,44.0 <= temp_min <= 45.0 @ SEATTLE on 2026-06-01,2026-06-02T20:49:31Z,no,-1.60,bet
20260531T192116Z611053,2026-05-31T19:21:23Z,KXLOWTSEA-26JUN01-B46.5,KXLOWTSEA-26JUN01,2026-06-01,NO,20.89,0.355,0.24994965018261092,0.355,-0.10505034981738906,ensemble,46.0 <= temp_min <= 47.0 @ SEATTLE on 2026-06-01,2026-06-02T20:49:31Z,no,11.36,bet
20260531T192124Z203311,2026-05-31T19:21:24Z,KXHIGHTSFO-26JUN01-B73.5,KXHIGHTSFO-26JUN01,2026-06-01,NO,20.89,0.415,0.07809284793322743,0.415,-0.3369071520667726,ensemble,73.0 <= temp_max <= 74.0 @ SANFRANCISCO on 2026-06-01,2026-06-02T20:49:31Z,no,14.53,bet
20260531T192124Z354273,2026-05-31T19:21:24Z,KXHIGHTSFO-26JUN01-B75.5,KXHIGHTSFO-26JUN01,2026-06-01,NO,20.89,0.255,0.07632557067105378,0.255,-0.17867442932894623,ensemble,75.0 <= temp_max <= 76.0 @ SANFRANCISCO on 2026-06-01,2026-06-02T20:49:31Z,no,7.14,bet
20260531T192124Z505299,2026-05-31T19:21:24Z,KXHIGHTSFO-26JUN01-B71.5,KXHIGHTSFO-26JUN01,2026-06-01,NO,2.67,0.175,0.08173736960205047,0.175,-0.09326263039794952,ensemble,71.0 <= temp_max <= 72.0 @ SANFRANCISCO on 2026-06-01,2026-06-02T20:49:31Z,yes,-2.47,bet
20260602T204934Z246053,2026-06-02T20:49:36Z,KXLOWTNYC-26JUN03-B59.5,KXLOWTNYC-26JUN03,2026-06-03,NO,21.52,0.52,0.19274890782291415,0.52,-0.32725109217708587,ensemble,59.0 <= temp_min <= 60.0 @ NYC on 2026-06-03,2026-06-04T20:05:51Z,no,22.88,bet
20260602T204940Z231999,2026-06-02T20:49:47Z,KXLOWTLAX-26JUN03-B57.5,KXLOWTLAX-26JUN03,2026-06-03,YES,2.39,0.08499999999999999,0.18083351899638406,0.08499999999999999,0.09583351899638407,ensemble,57.0 <= temp_min <= 58.0 @ LOSANGELES on 2026-06-03,2026-06-04T20:05:51Z,no,-2.38,bet
20260602T204947Z930618,2026-06-02T20:49:55Z,KXLOWTLAX-26JUN03-B59.5,KXLOWTLAX-26JUN03,2026-06-03,NO,21.52,0.43,0.336300506104049,0.43,-0.093699493895951,ensemble,59.0 <= temp_min <= 60.0 @ LOSANGELES on 2026-06-03,2026-06-04T20:05:51Z,yes,-21.09,bet
20260602T204955Z490416,2026-06-02T20:50:03Z,KXLOWTLAX-26JUN03-B61.5,KXLOWTLAX-26JUN03,2026-06-03,NO,21.52,0.33,0.2799107034269947,0.33,-0.050089296573005315,ensemble,61.0 <= temp_min <= 62.0 @ LOSANGELES on 2026-06-03,2026-06-04T20:05:51Z,no,10.56,bet
20260602T205014Z180093,2026-06-02T20:50:15Z,KXLOWTCHI-26JUN03-B54.5,KXLOWTCHI-26JUN03,2026-06-03,NO,21.52,0.2,0.14513393841590969,0.2,-0.054866061584090325,ensemble,54.0 <= temp_min <= 55.0 @ CHICAGO on 2026-06-03,2026-06-04T20:05:51Z,no,5.20,bet
20260602T205107Z967671,2026-06-02T20:51:08Z,KXLOWTMIA-26JUN03-B75.5,KXLOWTMIA-26JUN03,2026-06-03,NO,21.52,0.48,0.3399270183165207,0.48,-0.14007298168347926,ensemble,75.0 <= temp_min <= 76.0 @ MIAMI on 2026-06-03,2026-06-04T20:05:51Z,no,19.68,bet
20260602T205108Z847276,2026-06-02T20:51:08Z,KXLOWTMIA-26JUN03-B77.5,KXLOWTMIA-26JUN03,2026-06-03,YES,5.7,0.155,0.27050419879353954,0.155,0.11550419879353954,ensemble,77.0 <= temp_min <= 78.0 @ MIAMI on 2026-06-03,2026-06-04T20:05:51Z,no,-5.58,bet
20260602T205154Z042973,2026-06-02T20:52:05Z,KXLOWTPHX-26JUN03-B74.5,KXLOWTPHX-26JUN03,2026-06-03,YES,1.54,0.05,0.15852064326836093,0.05,0.10852064326836093,ensemble,74.0 <= temp_min <= 75.0 @ PHOENIX on 2026-06-03,2026-06-04T20:05:52Z,no,-1.50,bet
20260602T205209Z249978,2026-06-02T20:52:16Z,KXLOWTDEN-26JUN03-B57.5,KXLOWTDEN-26JUN03,2026-06-03,YES,2.21,0.095,0.17320830948775862,0.095,0.07820830948775861,ensemble,57.0 <= temp_min <= 58.0 @ DENVER on 2026-06-03,2026-06-04T20:05:52Z,no,-2.19,bet
20260602T205216Z972963,2026-06-02T20:52:24Z,KXLOWTDEN-26JUN03-B51.5,KXLOWTDEN-26JUN03,2026-06-03,YES,1.28,0.07,0.13332055021430453,0.07,0.06332055021430452,ensemble,51.0 <= temp_min <= 52.0 @ DENVER on 2026-06-03,2026-06-04T20:05:52Z,yes,16.74,bet
20260602T205304Z712284,2026-06-02T20:53:05Z,KXLOWTSEA-26JUN03-B52.5,KXLOWTSEA-26JUN03,2026-06-03,YES,2.84,0.085,0.16445647776341837,0.085,0.07945647776341837,ensemble,52.0 <= temp_min <= 53.0 @ SEATTLE on 2026-06-03,2026-06-04T20:05:52Z,no,-2.81,bet
20260602T205305Z709481,2026-06-02T20:53:09Z,KXHIGHTSFO-26JUN03-B70.5,KXHIGHTSFO-26JUN03,2026-06-03,NO,21.52,0.295,0.1167102632838806,0.295,-0.1782897367161194,ensemble,70.0 <= temp_max <= 71.0 @ SANFRANCISCO on 2026-06-03,2026-06-04T20:05:52Z,yes,-21.15,bet
20260602T205309Z442081,2026-06-02T20:53:09Z,KXHIGHTSFO-26JUN03-B72.5,KXHIGHTSFO-26JUN03,2026-06-03,NO,21.52,0.265,0.09943951515359957,0.265,-0.16556048484640046,ensemble,72.0 <= temp_max <= 73.0 @ SANFRANCISCO on 2026-06-03,2026-06-04T20:05:52Z,no,7.68,bet
20260602T205309Z600119,2026-06-02T20:53:09Z,KXHIGHTSFO-26JUN03-B68.5,KXHIGHTSFO-26JUN03,2026-06-03,NO,21.52,0.22,0.12093493376104639,0.22,-0.09906506623895361,ensemble,68.0 <= temp_max <= 69.0 @ SANFRANCISCO on 2026-06-03,2026-06-04T20:05:52Z,no,5.94,bet
20260602T205354Z640472,2026-06-02T20:54:04Z,KXHIGHTDC-26JUN03-B79.5,KXHIGHTDC-26JUN03,2026-06-03,YES,1.72,0.045,0.18038882122224636,0.045,0.13538882122224638,ensemble,79.0 <= temp_max <= 80.0 @ WASHINGTON on 2026-06-03,2026-06-04T20:05:52Z,no,-1.71,bet
20260602T205404Z944869,2026-06-02T20:54:05Z,KXHIGHTDC-26JUN03-B85.5,KXHIGHTDC-26JUN03,2026-06-03,YES,2.85,0.165,0.1254341859929178,0.165,-0.0395658140070822,ensemble,85.0 <= temp_max <= 86.0 @ WASHINGTON on 2026-06-03,2026-06-04T20:05:52Z,no,-2.81,bet
20260602T205405Z360894,2026-06-02T20:54:08Z,KXHIGHTBOS-26JUN03-B76.5,KXHIGHTBOS-26JUN03,2026-06-03,NO,21.52,0.22999999999999998,0.11483053108126749,0.22999999999999998,-0.11516946891873249,ensemble,76.0 <= temp_max <= 77.0 @ BOSTON on 2026-06-03,2026-06-04T20:05:52Z,no,6.21,bet
20260602T205408Z890587,2026-06-02T20:54:09Z,KXHIGHTBOS-26JUN03-B78.5,KXHIGHTBOS-26JUN03,2026-06-03,NO,21.52,0.16999999999999998,0.09636854259600909,0.16999999999999998,-0.0736314574039909,ensemble,78.0 <= temp_max <= 79.0 @ BOSTON on 2026-06-03,2026-06-04T20:05:52Z,no,4.25,bet
20260602T205409Z328465,2026-06-02T20:54:09Z,KXHIGHTPHX-26JUN03-B107.5,KXHIGHTPHX-26JUN03,2026-06-03,NO,8.06,0.495,0.16086678399673418,0.495,-0.33413321600326584,ensemble,107.0 <= temp_max <= 108.0 @ PHOENIX on 2026-06-03,2026-06-04T20:05:52Z,yes,-7.58,bet
20260602T205409Z754912,2026-06-02T20:54:09Z,KXHIGHTSEA-26JUN03-B73.5,KXHIGHTSEA-26JUN03,2026-06-03,NO,21.52,0.315,0.06061214158946397,0.315,-0.254387858410536,ensemble,73.0 <= temp_max <= 74.0 @ SEATTLE on 2026-06-03,2026-06-04T20:05:52Z,no,9.76,bet
20260602T205409Z917076,2026-06-02T20:54:10Z,KXHIGHTSEA-26JUN03-B71.5,KXHIGHTSEA-26JUN03,2026-06-03,NO,15.65,0.325,0.09564325031302454,0.325,-0.22935674968697548,ensemble,71.0 <= temp_max <= 72.0 @ SEATTLE on 2026-06-03,2026-06-04T20:05:52Z,no,7.47,bet
20260603T205533Z932729,2026-06-03T20:55:34Z,KXLOWTNYC-26JUN04-B63.5,KXLOWTNYC-26JUN04,2026-06-04,NO,21.42,0.425,0.2021533746764841,0.425,-0.2228466253235159,ensemble,63.0 <= temp_min <= 64.0 @ NYC on 2026-06-04,2026-06-05T20:12:47Z,yes,-21.27,bet
20260603T205534Z588727,2026-06-03T20:55:34Z,KXLOWTNYC-26JUN04-B61.5,KXLOWTNYC-26JUN04,2026-06-04,NO,18.92,0.345,0.18971244178193203,0.345,-0.15528755821806794,ensemble,61.0 <= temp_min <= 62.0 @ NYC on 2026-06-04,2026-06-05T20:12:47Z,no,9.66,bet
20260604T200555Z307178,2026-06-04T20:05:58Z,KXLOWTNYC-26JUN05-B66.5,KXLOWTNYC-26JUN05,2026-06-05,NO,22.37,0.355,0.1728621410611417,0.355,-0.18213785893885828,ensemble,66.0 <= temp_min <= 67.0 @ NYC on 2026-06-05,2026-06-08T20:36:22Z,yes,-21.93,bet
20260604T200558Z843092,2026-06-04T20:05:58Z,KXLOWTNYC-26JUN05-B64.5,KXLOWTNYC-26JUN05,2026-06-05,NO,22.37,0.315,0.19361025617956862,0.315,-0.12138974382043138,ensemble,64.0 <= temp_min <= 65.0 @ NYC on 2026-06-05,2026-06-08T20:36:22Z,no,10.08,bet
20260604T200558Z999171,2026-06-04T20:05:59Z,KXLOWTNYC-26JUN05-B68.5,KXLOWTNYC-26JUN05,2026-06-05,NO,22.37,0.225,0.1260794979803373,0.225,-0.09892050201966271,ensemble,68.0 <= temp_min <= 69.0 @ NYC on 2026-06-05,2026-06-08T20:36:22Z,no,6.30,bet
20260604T200603Z836822,2026-06-04T20:06:07Z,KXLOWTLAX-26JUN05-B61.5,KXLOWTLAX-26JUN05,2026-06-05,NO,22.37,0.46499999999999997,0.3129649625848838,0.46499999999999997,-0.15203503741511615,ensemble,61.0 <= temp_min <= 62.0 @ LOSANGELES on 2026-06-05,2026-06-08T20:36:22Z,no,19.06,bet
20260604T200607Z659676,2026-06-04T20:06:07Z,KXLOWTLAX-26JUN05-B59.5,KXLOWTLAX-26JUN05,2026-06-05,NO,22.37,0.37,0.22999379875600148,0.37,-0.1400062012439985,ensemble,59.0 <= temp_min <= 60.0 @ LOSANGELES on 2026-06-05,2026-06-08T20:36:22Z,no,12.95,bet
20260604T200607Z816864,2026-06-04T20:06:07Z,KXLOWTLAX-26JUN05-B63.5,KXLOWTLAX-26JUN05,2026-06-05,YES,4.6,0.135,0.2403613560378825,0.135,0.10536135603788249,ensemble,63.0 <= temp_min <= 64.0 @ LOSANGELES on 2026-06-05,2026-06-08T20:36:22Z,yes,29.41,bet
20260604T200612Z745812,2026-06-04T20:06:13Z,KXLOWTSFO-26JUN05-B52.5,KXLOWTSFO-26JUN05,2026-06-05,NO,22.37,0.49,0.31875523707912296,0.49,-0.17124476292087704,ensemble,52.0 <= temp_min <= 53.0 @ SANFRANCISCO on 2026-06-05,2026-06-08T20:36:23Z,yes,-21.93,bet
20260604T200613Z682962,2026-06-04T20:06:13Z,KXLOWTSFO-26JUN05-B50.5,KXLOWTSFO-26JUN05,2026-06-05,YES,4.52,0.16,0.24483828124755858,0.16,0.08483828124755857,ensemble,50.0 <= temp_min <= 51.0 @ SANFRANCISCO on 2026-06-05,2026-06-08T20:36:23Z,no,-4.48,bet
20260604T200658Z084588,2026-06-04T20:07:09Z,KXLOWTCHI-26JUN05-B69.5,KXLOWTCHI-26JUN05,2026-06-05,NO,22.37,0.44,0.1464215858514007,0.44,-0.2935784141485993,ensemble,69.0 <= temp_min <= 70.0 @ CHICAGO on 2026-06-05,2026-06-08T20:36:23Z,no,17.16,bet
20260604T200709Z474986,2026-06-04T20:07:09Z,KXLOWTCHI-26JUN05-B67.5,KXLOWTCHI-26JUN05,2026-06-05,YES,3.41,0.14500000000000002,0.13517866937924175,0.14500000000000002,-0.009821330620758267,ensemble,67.0 <= temp_min <= 68.0 @ CHICAGO on 2026-06-05,2026-06-08T20:36:23Z,no,-3.34,bet
20260604T200714Z362578,2026-06-04T20:07:21Z,KXLOWTDC-26JUN05-B64.5,KXLOWTDC-26JUN05,2026-06-05,NO,22.37,0.475,0.18853028509540434,0.475,-0.2864697149045956,ensemble,64.0 <= temp_min <= 65.0 @ WASHINGTON on 2026-06-05,2026-06-08T20:36:23Z,yes,-22.05,bet
20260604T200721Z932511,2026-06-04T20:07:29Z,KXLOWTDC-26JUN05-B62.5,KXLOWTDC-26JUN05,2026-06-05,NO,22.37,0.29000000000000004,0.12484335229408261,0.29000000000000004,-0.16515664770591743,ensemble,62.0 <= temp_min <= 63.0 @ WASHINGTON on 2026-06-05,2026-06-08T20:36:23Z,no,8.99,bet
20260604T200806Z817237,2026-06-04T20:08:11Z,KXLOWTBOS-26JUN05-B59.5,KXLOWTBOS-26JUN05,2026-06-05,YES,1.47,0.04,0.16599973203768328,0.04,0.12599973203768328,ensemble,59.0 <= temp_min <= 60.0 @ BOSTON on 2026-06-05,2026-06-08T20:36:23Z,no,-1.44,bet
20260604T200815Z576930,2026-06-04T20:08:23Z,KXLOWTMIA-26JUN05-B74.5,KXLOWTMIA-26JUN05,2026-06-05,NO,22.37,0.5,0.1825169223039162,0.5,-0.3174830776960838,ensemble,74.0 <= temp_min <= 75.0 @ MIAMI on 2026-06-05,2026-06-08T20:36:23Z,no,22.00,bet
20260604T200823Z143006,2026-06-04T20:08:30Z,KXLOWTMIA-26JUN05-B76.5,KXLOWTMIA-26JUN05,2026-06-05,YES,13.94,0.18,0.4070313946076135,0.18,0.2270313946076135,ensemble,76.0 <= temp_min <= 77.0 @ MIAMI on 2026-06-05,2026-06-08T20:36:23Z,yes,63.14,bet
20260604T200830Z592331,2026-06-04T20:08:38Z,KXLOWTMIA-26JUN05-B72.5,KXLOWTMIA-26JUN05,2026-06-05,NO,22.37,0.16999999999999998,0.034983615877747044,0.16999999999999998,-0.13501638412225295,ensemble,72.0 <= temp_min <= 73.0 @ MIAMI on 2026-06-05,2026-06-08T20:36:23Z,no,4.42,bet
20260604T200904Z443958,2026-06-04T20:09:08Z,KXLOWTPHX-26JUN05-B77.5,KXLOWTPHX-26JUN05,2026-06-05,YES,1.07,0.045000000000000005,0.12643572803029687,0.045000000000000005,0.08143572803029686,ensemble,77.0 <= temp_min <= 78.0 @ PHOENIX on 2026-06-05,2026-06-08T20:36:24Z,no,-1.04,bet
20260604T200909Z163589,2026-06-04T20:09:16Z,KXLOWTDEN-26JUN05-B53.5,KXLOWTDEN-26JUN05,2026-06-05,NO,20.15,0.225,0.09204853571221372,0.225,-0.1329514642877863,ensemble,53.0 <= temp_min <= 54.0 @ DENVER on 2026-06-05,2026-06-08T20:36:24Z,yes,-19.38,bet
20260605T201403Z337584,2026-06-05T20:14:25Z,KXLOWTNYC-26JUN06-B71.5,KXLOWTNYC-26JUN06,2026-06-06,NO,22.14,0.54,0.2564745541993043,0.54,-0.2835254458006957,ensemble,71.0 <= temp_min <= 72.0 @ NYC on 2026-06-06,2026-06-08T20:36:24Z,no,25.92,bet
20260605T201425Z472610,2026-06-05T20:14:47Z,KXLOWTNYC-26JUN06-B73.5,KXLOWTNYC-26JUN06,2026-06-06,YES,3.38,0.105,0.20906646236318582,0.105,0.10406646236318583,ensemble,73.0 <= temp_min <= 74.0 @ NYC on 2026-06-06,2026-06-08T20:36:24Z,no,-3.36,bet
20260605T201447Z599041,2026-06-05T20:15:09Z,KXLOWTNYC-26JUN06-B69.5,KXLOWTNYC-26JUN06,2026-06-06,NO,11.34,0.315,0.24623276977079214,0.315,-0.06876723022920786,ensemble,69.0 <= temp_min <= 70.0 @ NYC on 2026-06-06,2026-06-08T20:36:24Z,no,5.04,bet
20260608T203624Z688759,2026-06-08T20:36:24Z,KXLOWTNYC-26JUN09-B56.5,KXLOWTNYC-26JUN09,2026-06-09,NO,24.65,0.30500000000000005,0.15653752140804233,0.30500000000000005,-0.14846247859195771,ensemble,56.0 <= temp_min <= 57.0 @ NYC on 2026-06-09,2026-06-11T13:35:01Z,no,10.68,bet
20260608T203624Z844820,2026-06-08T20:36:24Z,KXLOWTNYC-26JUN09-B58.5,KXLOWTNYC-26JUN09,2026-06-09,NO,24.65,0.37,0.2244012452805411,0.37,-0.1455987547194589,ensemble,58.0 <= temp_min <= 59.0 @ NYC on 2026-06-09,2026-06-11T13:35:01Z,no,14.43,bet
20260608T203625Z210245,2026-06-08T20:36:25Z,KXLOWTLAX-26JUN09-B59.5,KXLOWTLAX-26JUN09,2026-06-09,NO,24.65,0.305,0.232560665096855,0.305,-0.072439334903145,ensemble,59.0 <= temp_min <= 60.0 @ LOSANGELES on 2026-06-09,2026-06-11T13:35:01Z,no,10.67,bet
20260608T203625Z564030,2026-06-08T20:36:25Z,KXLOWTSFO-26JUN09-B56.5,KXLOWTSFO-26JUN09,2026-06-09,NO,24.65,0.43,0.32105977113079553,0.43,-0.10894022886920446,ensemble,56.0 <= temp_min <= 57.0 @ SANFRANCISCO on 2026-06-09,2026-06-11T13:35:01Z,no,18.49,bet
20260608T203625Z718756,2026-06-08T20:36:25Z,KXLOWTSFO-26JUN09-B52.5,KXLOWTSFO-26JUN09,2026-06-09,YES,0.93,0.05,0.10706689903026403,0.05,0.05706689903026403,ensemble,52.0 <= temp_min <= 53.0 @ SANFRANCISCO on 2026-06-09,2026-06-11T13:35:01Z,no,-0.90,bet
20260608T203626Z087808,2026-06-08T20:36:26Z,KXLOWTCHI-26JUN09-B71.5,KXLOWTCHI-26JUN09,2026-06-09,NO,24.65,0.445,0.165291562190175,0.445,-0.279708437809825,ensemble,71.0 <= temp_min <= 72.0 @ CHICAGO on 2026-06-09,2026-06-11T13:35:01Z,yes,-24.42,bet
20260608T203626Z441434,2026-06-08T20:36:26Z,KXLOWTDC-26JUN09-B57.5,KXLOWTDC-26JUN09,2026-06-09,NO,24.65,0.33499999999999996,0.18026856628662968,0.33499999999999996,-0.15473143371337028,ensemble,57.0 <= temp_min <= 58.0 @ WASHINGTON on 2026-06-09,2026-06-11T13:35:01Z,no,12.39,bet
20260608T203626Z597487,2026-06-08T20:36:26Z,KXLOWTDC-26JUN09-B59.5,KXLOWTDC-26JUN09,2026-06-09,NO,24.65,0.35,0.21907736206505857,0.35,-0.1309226379349414,ensemble,59.0 <= temp_min <= 60.0 @ WASHINGTON on 2026-06-09,2026-06-11T13:35:01Z,no,12.95,bet
20260608T203627Z155059,2026-06-08T20:36:27Z,KXLOWTMIA-26JUN09-B77.5,KXLOWTMIA-26JUN09,2026-06-09,NO,24.65,0.51,0.21072347046044732,0.51,-0.2992765295395527,ensemble,77.0 <= temp_min <= 78.0 @ MIAMI on 2026-06-09,2026-06-11T13:35:01Z,yes,-24.50,bet
20260608T203627Z310600,2026-06-08T20:36:27Z,KXLOWTMIA-26JUN09-B79.5,KXLOWTMIA-26JUN09,2026-06-09,NO,24.65,0.425,0.331431178760977,0.425,-0.09356882123902299,ensemble,79.0 <= temp_min <= 80.0 @ MIAMI on 2026-06-09,2026-06-11T13:35:02Z,no,17.85,bet
20260608T203627Z666353,2026-06-08T20:36:27Z,KXLOWTPHX-26JUN09-B76.5,KXLOWTPHX-26JUN09,2026-06-09,YES,1.97,0.065,0.15692577692383075,0.065,0.09192577692383075,ensemble,76.0 <= temp_min <= 77.0 @ PHOENIX on 2026-06-09,2026-06-11T13:35:02Z,no,-1.95,bet
20260608T203628Z033924,2026-06-08T20:36:28Z,KXLOWTDEN-26JUN09-B57.5,KXLOWTDEN-26JUN09,2026-06-09,NO,24.65,0.39,0.1402806114144503,0.39,-0.2497193885855497,ensemble,57.0 <= temp_min <= 58.0 @ DENVER on 2026-06-09,2026-06-11T13:35:02Z,no,15.60,bet
20260608T203628Z191698,2026-06-08T20:36:28Z,KXLOWTDEN-26JUN09-B55.5,KXLOWTDEN-26JUN09,2026-06-09,NO,24.65,0.245,0.11001223176673759,0.245,-0.13498776823326242,ensemble,55.0 <= temp_min <= 56.0 @ DENVER on 2026-06-09,2026-06-11T13:35:02Z,yes,-24.16,bet
20260608T203712Z387242,2026-06-08T20:37:34Z,KXLOWTSEA-26JUN09-B47.5,KXLOWTSEA-26JUN09,2026-06-09,YES,1.54,0.035,0.17240256776600998,0.035,0.13740256776600998,ensemble,47.0 <= temp_min <= 48.0 @ SEATTLE on 2026-06-09,2026-06-11T13:35:02Z,no,-1.51,bet
20260608T203734Z315979,2026-06-08T20:37:56Z,KXLOWTSEA-26JUN09-B49.5,KXLOWTSEA-26JUN09,2026-06-09,YES,7.51,0.16,0.28801915346858276,0.16,0.12801915346858275,ensemble,49.0 <= temp_min <= 50.0 @ SEATTLE on 2026-06-09,2026-06-11T13:35:02Z,no,-7.36,bet
20260608T203756Z242407,2026-06-08T20:38:18Z,KXLOWTSEA-26JUN09-B51.5,KXLOWTSEA-26JUN09,2026-06-09,NO,24.65,0.435,0.3195450649412959,0.435,-0.11545493505870408,ensemble,51.0 <= temp_min <= 52.0 @ SEATTLE on 2026-06-09,2026-06-11T13:35:02Z,yes,-24.29,bet
20260608T203818Z381972,2026-06-08T20:38:18Z,KXHIGHTSFO-26JUN09-B68.5,KXHIGHTSFO-26JUN09,2026-06-09,NO,24.65,0.365,0.10663315570064008,0.365,-0.2583668442993599,ensemble,68.0 <= temp_max <= 69.0 @ SANFRANCISCO on 2026-06-09,2026-06-11T13:35:02Z,yes,-24.13,bet
20260608T203818Z538362,2026-06-08T20:38:18Z,KXHIGHTSFO-26JUN09-B66.5,KXHIGHTSFO-26JUN09,2026-06-09,NO,24.65,0.305,0.1058420080970641,0.305,-0.1991579919029359,ensemble,66.0 <= temp_max <= 67.0 @ SANFRANCISCO on 2026-06-09,2026-06-11T13:35:02Z,no,10.67,bet
20260608T203818Z898549,2026-06-08T20:38:19Z,KXHIGHTDC-26JUN09-B83.5,KXHIGHTDC-26JUN09,2026-06-09,NO,12.7,0.28500000000000003,0.15647190613297102,0.28500000000000003,-0.12852809386702901,ensemble,83.0 <= temp_max <= 84.0 @ WASHINGTON on 2026-06-09,2026-06-11T13:35:02Z,yes,-12.15,bet
20260611T205411Z735319,2026-06-11T20:54:42Z,KXLOWTNYC-26JUN12-B71.5,KXLOWTNYC-26JUN12,2026-06-12,YES,24.22,0.055,0.17667509749022825,0.055,0.12167509749022826,ensemble,71.0 <= temp_min <= 72.0 @ NYC on 2026-06-12,2026-06-13T19:56:15Z,yes,415.80,bet
20260611T205442Z103696,2026-06-11T20:55:11Z,KXLOWTNYC-26JUN12-B75.5,KXLOWTNYC-26JUN12,2026-06-12,NO,24.22,0.38,0.2894298964825293,0.38,-0.09057010351747069,ensemble,75.0 <= temp_min <= 76.0 @ NYC on 2026-06-12,2026-06-13T19:56:16Z,no,14.82,bet
20260611T205511Z790597,2026-06-11T20:55:41Z,KXLOWTNYC-26JUN12-B69.5,KXLOWTNYC-26JUN12,2026-06-12,YES,24.0,0.025,0.10230871908956568,0.025,0.07730871908956569,ensemble,69.0 <= temp_min <= 70.0 @ NYC on 2026-06-12,2026-06-13T19:56:16Z,no,-23.98,bet
20260611T205626Z198476,2026-06-11T20:56:56Z,KXLOWTLAX-26JUN12-B63.5,KXLOWTLAX-26JUN12,2026-06-12,NO,24.22,0.38,0.2609634947626017,0.38,-0.11903650523739828,ensemble,63.0 <= temp_min <= 64.0 @ LOSANGELES on 2026-06-12,2026-06-13T19:56:16Z,yes,-24.18,bet
20260611T205656Z022511,2026-06-11T20:57:25Z,KXLOWTLAX-26JUN12-B61.5,KXLOWTLAX-26JUN12,2026-06-12,YES,24.22,0.055,0.1641099480585721,0.055,0.1091099480585721,ensemble,61.0 <= temp_min <= 62.0 @ LOSANGELES on 2026-06-12,2026-06-13T19:56:16Z,no,-24.20,bet
20260611T205725Z693038,2026-06-11T20:57:55Z,KXLOWTLAX-26JUN12-B59.5,KXLOWTLAX-26JUN12,2026-06-12,YES,19.63,0.03,0.09289614391624289,0.03,0.06289614391624289,ensemble,59.0 <= temp_min <= 60.0 @ LOSANGELES on 2026-06-12,2026-06-13T19:56:16Z,no,-19.62,bet
20260611T205839Z944806,2026-06-11T20:59:09Z,KXLOWTSFO-26JUN12-B57.5,KXLOWTSFO-26JUN12,2026-06-12,NO,24.22,0.405,0.22892030380100895,0.405,-0.17607969619899108,ensemble,57.0 <= temp_min <= 58.0 @ SANFRANCISCO on 2026-06-12,2026-06-13T19:56:16Z,no,16.20,bet
20260611T205909Z633506,2026-06-11T20:59:39Z,KXLOWTSFO-26JUN12-B55.5,KXLOWTSFO-26JUN12,2026-06-12,YES,24.22,0.07,0.17983435674564763,0.07,0.10983435674564762,ensemble,55.0 <= temp_min <= 56.0 @ SANFRANCISCO on 2026-06-12,2026-06-13T19:56:16Z,yes,320.85,bet
20260611T205939Z312725,2026-06-11T21:00:05Z,KXLOWTSFO-26JUN12-B53.5,KXLOWTSFO-26JUN12,2026-06-12,YES,24.22,0.025,0.12436906164059837,0.025,0.09936906164059836,ensemble,53.0 <= temp_min <= 54.0 @ SANFRANCISCO on 2026-06-12,2026-06-13T19:56:17Z,no,-24.20,bet
20260611T210006Z435694,2026-06-11T21:00:11Z,KXLOWTCHI-26JUN12-B59.5,KXLOWTCHI-26JUN12,2026-06-12,NO,24.22,0.255,0.1379402039858713,0.255,-0.11705979601412869,ensemble,59.0 <= temp_min <= 60.0 @ CHICAGO on 2026-06-12,2026-06-13T19:56:17Z,no,8.16,bet
20260611T210055Z795554,2026-06-11T21:01:07Z,KXLOWTDC-26JUN12-B71.5,KXLOWTDC-26JUN12,2026-06-12,YES,24.22,0.065,0.19867813904901643,0.065,0.13367813904901643,ensemble,71.0 <= temp_min <= 72.0 @ WASHINGTON on 2026-06-12,2026-06-13T19:56:17Z,yes,347.82,bet
20260611T210107Z726419,2026-06-11T21:01:07Z,KXLOWTDC-26JUN12-B69.5,KXLOWTDC-26JUN12,2026-06-12,YES,24.22,0.05,0.0931608910976097,0.05,0.04316089109760969,ensemble,69.0 <= temp_min <= 70.0 @ WASHINGTON on 2026-06-12,2026-06-13T19:56:17Z,no,-24.20,bet
20260611T210107Z869923,2026-06-11T21:01:08Z,KXLOWTDC-26JUN12-B73.5,KXLOWTDC-26JUN12,2026-06-12,NO,24.22,0.30000000000000004,0.1833149930620599,0.30000000000000004,-0.11668500693794015,ensemble,73.0 <= temp_min <= 74.0 @ WASHINGTON on 2026-06-12,2026-06-13T19:56:17Z,no,10.20,bet
20260611T210108Z256111,2026-06-11T21:01:08Z,KXLOWTBOS-26JUN12-B68.5,KXLOWTBOS-26JUN12,2026-06-12,NO,24.22,0.25,0.1186973119085803,0.25,-0.1313026880914197,ensemble,68.0 <= temp_min <= 69.0 @ BOSTON on 2026-06-12,2026-06-13T19:56:17Z,yes,-24.00,bet
20260611T210108Z400354,2026-06-11T21:01:08Z,KXLOWTBOS-26JUN12-B70.5,KXLOWTBOS-26JUN12,2026-06-12,NO,12.31,0.275,0.14718516806303597,0.275,-0.12781483193696405,ensemble,70.0 <= temp_min <= 71.0 @ BOSTON on 2026-06-12,2026-06-13T19:56:18Z,no,4.40,bet
20260611T210114Z559351,2026-06-11T21:01:22Z,KXLOWTMIA-26JUN12-B78.5,KXLOWTMIA-26JUN12,2026-06-12,NO,16.67,0.585,0.2749101837123687,0.585,-0.31008981628763127,ensemble,78.0 <= temp_min <= 79.0 @ MIAMI on 2026-06-12,2026-06-13T19:56:18Z,yes,-16.60,bet
20260613T195734Z219739,2026-06-13T19:58:04Z,KXLOWTNYC-26JUN14-B72.5,KXLOWTNYC-26JUN14,2026-06-14,YES,43.36,0.16499999999999998,0.30837431637847484,0.16499999999999998,0.14337431637847486,ensemble,72.0 <= temp_min <= 73.0 @ NYC on 2026-06-14,2026-06-15T21:12:52Z,no,-43.23,bet
20260613T195804Z709642,2026-06-13T19:58:34Z,KXLOWTNYC-26JUN14-B68.5,KXLOWTNYC-26JUN14,2026-06-14,NO,43.36,0.305,0.1733265372263294,0.305,-0.1316734627736706,ensemble,68.0 <= temp_min <= 69.0 @ NYC on 2026-06-14,2026-06-15T21:12:52Z,no,18.91,bet
20260613T195920Z125408,2026-06-13T19:59:50Z,KXLOWTLAX-26JUN14-B63.5,KXLOWTLAX-26JUN14,2026-06-14,NO,43.36,0.56,0.31345395560661643,0.56,-0.24654604439338362,ensemble,63.0 <= temp_min <= 64.0 @ LOSANGELES on 2026-06-14,2026-06-15T21:12:52Z,no,54.88,bet
20260613T195950Z582112,2026-06-13T20:00:02Z,KXLOWTLAX-26JUN14-B65.5,KXLOWTLAX-26JUN14,2026-06-14,YES,43.36,0.07500000000000001,0.27708558030593955,0.07500000000000001,0.20208558030593954,ensemble,65.0 <= temp_min <= 66.0 @ LOSANGELES on 2026-06-14,2026-06-15T21:12:52Z,no,-43.35,bet
20260613T200002Z990557,2026-06-13T20:00:03Z,KXLOWTLAX-26JUN14-B59.5,KXLOWTLAX-26JUN14,2026-06-14,YES,43.36,0.04,0.061495792804856474,0.04,0.021495792804856473,ensemble,59.0 <= temp_min <= 60.0 @ LOSANGELES on 2026-06-14,2026-06-15T21:12:52Z,no,-43.32,bet
20260613T200004Z151452,2026-06-13T20:00:11Z,KXLOWTSFO-26JUN14-B56.5,KXLOWTSFO-26JUN14,2026-06-14,NO,43.36,0.5449999999999999,0.21683321039934306,0.5449999999999999,-0.32816678960065687,ensemble,56.0 <= temp_min <= 57.0 @ SANFRANCISCO on 2026-06-14,2026-06-15T21:12:52Z,no,51.77,bet
20260613T200011Z712388,2026-06-13T20:00:19Z,KXLOWTSFO-26JUN14-B58.5,KXLOWTSFO-26JUN14,2026-06-14,YES,39.22,0.16,0.220781896188802,0.16,0.060781896188802004,ensemble,58.0 <= temp_min <= 59.0 @ SANFRANCISCO on 2026-06-14,2026-06-15T21:12:52Z,yes,205.80,bet
20260613T200104Z066724,2026-06-13T20:01:09Z,KXLOWTCHI-26JUN14-B62.5,KXLOWTCHI-26JUN14,2026-06-14,YES,43.36,0.055,0.1369586678473542,0.055,0.0819586678473542,ensemble,62.0 <= temp_min <= 63.0 @ CHICAGO on 2026-06-14,2026-06-15T21:12:52Z,no,-43.34,bet
20260613T200110Z745908,2026-06-13T20:01:18Z,KXLOWTDC-26JUN14-B68.5,KXLOWTDC-26JUN14,2026-06-14,NO,43.36,0.255,0.16843605363905959,0.255,-0.08656394636094042,ensemble,68.0 <= temp_min <= 69.0 @ WASHINGTON on 2026-06-14,2026-06-15T21:12:52Z,no,14.79,bet
20260613T200204Z076267,2026-06-13T20:02:06Z,KXLOWTMIA-26JUN14-B78.5,KXLOWTMIA-26JUN14,2026-06-14,NO,43.36,0.855,0.27059151917649676,0.855,-0.5844084808235033,ensemble,78.0 <= temp_min <= 79.0 @ MIAMI on 2026-06-14,2026-06-15T21:12:52Z,no,255.64,bet
20260613T200206Z691105,2026-06-13T20:02:06Z,KXLOWTMIA-26JUN14-B76.5,KXLOWTMIA-26JUN14,2026-06-14,YES,43.36,0.07500000000000001,0.20949361294099464,0.07500000000000001,0.13449361294099463,ensemble,76.0 <= temp_min <= 77.0 @ MIAMI on 2026-06-14,2026-06-15T21:12:52Z,yes,534.65,bet
20260613T200206Z860484,2026-06-13T20:02:07Z,KXLOWTMIA-26JUN14-B74.5,KXLOWTMIA-26JUN14,2026-06-14,YES,43.36,0.025,0.12369664952005384,0.025,0.09869664952005383,ensemble,74.0 <= temp_min <= 75.0 @ MIAMI on 2026-06-14,2026-06-15T21:12:53Z,no,-43.35,bet
20260613T200211Z513927,2026-06-13T20:02:19Z,KXLOWTDEN-26JUN14-B51.5,KXLOWTDEN-26JUN14,2026-06-14,NO,43.36,0.28,0.1553435934436832,0.28,-0.12465640655631682,ensemble,51.0 <= temp_min <= 52.0 @ DENVER on 2026-06-14,2026-06-15T21:12:53Z,yes,-43.20,bet
20260613T200219Z071514,2026-06-13T20:02:26Z,KXLOWTDEN-26JUN14-B47.5,KXLOWTDEN-26JUN14,2026-06-14,NO,43.36,0.175,0.06346434469308176,0.175,-0.11153565530691822,ensemble,47.0 <= temp_min <= 48.0 @ DENVER on 2026-06-14,2026-06-15T21:12:53Z,no,9.10,bet
20260613T200308Z937514,2026-06-13T20:03:09Z,KXLOWTSEA-26JUN14-B56.5,KXLOWTSEA-26JUN14,2026-06-14,YES,43.36,0.05,0.23616001848959592,0.05,0.1861600184895959,ensemble,56.0 <= temp_min <= 57.0 @ SEATTLE on 2026-06-14,2026-06-15T21:12:53Z,no,-43.35,bet
20260613T200309Z099405,2026-06-13T20:03:09Z,KXLOWTSEA-26JUN14-B54.5,KXLOWTSEA-26JUN14,2026-06-14,YES,4.18,0.05,0.14851654797630878,0.05,0.09851654797630878,ensemble,54.0 <= temp_min <= 55.0 @ SEATTLE on 2026-06-14,2026-06-15T21:12:53Z,no,-4.15,bet
20260615T211407Z719186,2026-06-15T21:14:29Z,KXLOWTNYC-26JUN16-B61.5,KXLOWTNYC-26JUN16,2026-06-16,YES,60.13,0.085,0.21548417837273592,0.085,0.1304841783727359,ensemble,61.0 <= temp_min <= 62.0 @ NYC on 2026-06-16,2026-06-17T13:08:25Z,no,-60.10,bet
20260615T211429Z714278,2026-06-15T21:14:51Z,KXLOWTNYC-26JUN16-B57.5,KXLOWTNYC-26JUN16,2026-06-16,NO,60.13,0.37,0.2880991915426806,0.37,-0.0819008084573194,ensemble,57.0 <= temp_min <= 58.0 @ NYC on 2026-06-16,2026-06-17T13:08:26Z,yes,-59.85,bet
20260615T211451Z687632,2026-06-15T21:15:13Z,KXLOWTNYC-26JUN16-B59.5,KXLOWTNYC-26JUN16,2026-06-16,YES,50.71,0.255,0.3052673514746458,0.255,0.05026735147464578,ensemble,59.0 <= temp_min <= 60.0 @ NYC on 2026-06-16,2026-06-17T13:08:26Z,no,-50.49,bet
20260615T211513Z863338,2026-06-15T21:15:14Z,KXLOWTLAX-26JUN16-B63.5,KXLOWTLAX-26JUN16,2026-06-16,YES,60.13,0.26,0.3609026872020626,0.26,0.10090268720206258,ensemble,63.0 <= temp_min <= 64.0 @ LOSANGELES on 2026-06-16,2026-06-17T13:08:26Z,no,-60.06,bet
20260615T211514Z223495,2026-06-15T21:15:14Z,KXLOWTSFO-26JUN16-B55.5,KXLOWTSFO-26JUN16,2026-06-16,NO,60.13,0.435,0.19088460805628518,0.435,-0.24411539194371482,ensemble,55.0 <= temp_min <= 56.0 @ SANFRANCISCO on 2026-06-16,2026-06-17T13:08:26Z,no,46.11,bet
20260615T211514Z383550,2026-06-15T21:15:14Z,KXLOWTSFO-26JUN16-B57.5,KXLOWTSFO-26JUN16,2026-06-16,NO,60.13,0.365,0.20759500614007279,0.365,-0.1574049938599272,ensemble,57.0 <= temp_min <= 58.0 @ SANFRANCISCO on 2026-06-16,2026-06-17T13:08:26Z,yes,-59.69,bet
20260615T211514Z737839,2026-06-15T21:15:14Z,KXLOWTCHI-26JUN16-B58.5,KXLOWTCHI-26JUN16,2026-06-16,NO,60.13,0.38,0.12651549555642913,0.38,-0.25348450444357085,ensemble,58.0 <= temp_min <= 59.0 @ CHICAGO on 2026-06-16,2026-06-17T13:08:26Z,no,36.48,bet
20260615T211514Z897205,2026-06-15T21:15:15Z,KXLOWTCHI-26JUN16-B60.5,KXLOWTCHI-26JUN16,2026-06-16,NO,60.13,0.25,0.15943251028300912,0.25,-0.09056748971699088,ensemble,60.0 <= temp_min <= 61.0 @ CHICAGO on 2026-06-16,2026-06-17T13:08:26Z,yes,-60.00,bet
20260615T211515Z257867,2026-06-15T21:15:15Z,KXLOWTDC-26JUN16-B60.5,KXLOWTDC-26JUN16,2026-06-16,NO,60.13,0.435,0.21571729487833693,0.435,-0.21928270512166306,ensemble,60.0 <= temp_min <= 61.0 @ WASHINGTON on 2026-06-16,2026-06-17T13:08:26Z,yes,-59.89,bet
20260615T211515Z418782,2026-06-15T21:15:15Z,KXLOWTDC-26JUN16-B58.5,KXLOWTDC-26JUN16,2026-06-16,NO,60.13,0.195,0.14257864134374612,0.195,-0.052421358656253886,ensemble,58.0 <= temp_min <= 59.0 @ WASHINGTON on 2026-06-16,2026-06-17T13:08:26Z,no,14.43,bet
20260615T211515Z774267,2026-06-15T21:15:15Z,KXLOWTBOS-26JUN16-B57.5,KXLOWTBOS-26JUN16,2026-06-16,YES,60.13,0.05,0.14515846577482477,0.05,0.09515846577482477,ensemble,57.0 <= temp_min <= 58.0 @ BOSTON on 2026-06-16,2026-06-17T13:08:27Z,no,-60.10,bet
20260615T211516Z135151,2026-06-15T21:15:16Z,KXLOWTMIA-26JUN16-B78.5,KXLOWTMIA-26JUN16,2026-06-16,NO,60.13,0.675,0.3236922566495595,0.675,-0.35130774335044057,ensemble,78.0 <= temp_min <= 79.0 @ MIAMI on 2026-06-16,2026-06-17T20:40:42Z,yes,-60.12,bet
20260615T211516Z534639,2026-06-15T21:15:16Z,KXLOWTPHX-26JUN16-B85.5,KXLOWTPHX-26JUN16,2026-06-16,YES,60.13,0.045,0.18406341169517476,0.045,0.13906341169517478,ensemble,85.0 <= temp_min <= 86.0 @ PHOENIX on 2026-06-16,2026-06-17T13:08:27Z,no,-60.12,bet
20260615T211516Z897758,2026-06-15T21:15:17Z,KXLOWTDEN-26JUN16-B56.5,KXLOWTDEN-26JUN16,2026-06-16,YES,60.13,0.05,0.17551099258762504,0.05,0.12551099258762505,ensemble,56.0 <= temp_min <= 57.0 @ DENVER on 2026-06-16,2026-06-17T13:08:27Z,no,-60.10,bet
20260615T211517Z058529,2026-06-15T21:15:17Z,KXLOWTDEN-26JUN16-B52.5,KXLOWTDEN-26JUN16,2026-06-16,YES,60.13,0.07,0.15442982524800267,0.07,0.08442982524800266,ensemble,52.0 <= temp_min <= 53.0 @ DENVER on 2026-06-16,2026-06-17T13:08:27Z,no,-60.06,bet
20260615T211517Z218371,2026-06-15T21:15:17Z,KXLOWTDEN-26JUN16-B50.5,KXLOWTDEN-26JUN16,2026-06-16,NO,9.38,0.165,0.10304053019625256,0.165,-0.06195946980374745,ensemble,50.0 <= temp_min <= 51.0 @ DENVER on 2026-06-16,2026-06-17T13:08:27Z,no,1.82,bet
20260617T204158Z508229,2026-06-17T20:42:28Z,KXLOWTNYC-26JUN18-B65.5,KXLOWTNYC-26JUN18,2026-06-18,NO,47.89,0.345,0.2227220682600174,0.345,-0.12227793173998258,ensemble,65.0 <= temp_min <= 66.0 @ NYC on 2026-06-18,2026-06-19T20:11:19Z,no,25.18,bet
20260617T204228Z890243,2026-06-17T20:42:58Z,KXLOWTNYC-26JUN18-B67.5,KXLOWTNYC-26JUN18,2026-06-18,NO,47.89,0.39,0.311410685572415,0.39,-0.07858931442758499,ensemble,67.0 <= temp_min <= 68.0 @ NYC on 2026-06-18,2026-06-19T20:11:19Z,yes,-47.58,bet
20260617T204343Z416644,2026-06-17T20:44:13Z,KXLOWTLAX-26JUN18-B62.5,KXLOWTLAX-26JUN18,2026-06-18,NO,47.89,0.485,0.32844449427024747,0.485,-0.15655550572975252,ensemble,62.0 <= temp_min <= 63.0 @ LOSANGELES on 2026-06-18,2026-06-19T20:11:19Z,yes,-47.38,bet
20260617T204413Z296709,2026-06-17T20:44:43Z,KXLOWTLAX-26JUN18-B58.5,KXLOWTLAX-26JUN18,2026-06-18,YES,44.11,0.05,0.11999767968754962,0.05,0.06999767968754962,ensemble,58.0 <= temp_min <= 59.0 @ LOSANGELES on 2026-06-18,2026-06-19T20:11:19Z,no,-44.10,bet
20260617T204527Z672941,2026-06-17T20:45:57Z,KXLOWTSFO-26JUN18-B58.5,KXLOWTSFO-26JUN18,2026-06-18,NO,47.89,0.585,0.3135279757423553,0.585,-0.27147202425764466,ensemble,58.0 <= temp_min <= 59.0 @ SANFRANCISCO on 2026-06-18,2026-06-19T20:11:19Z,yes,-47.73,bet
20260617T204557Z412026,2026-06-17T20:46:27Z,KXLOWTSFO-26JUN18-B54.5,KXLOWTSFO-26JUN18,2026-06-18,YES,47.89,0.035,0.15989682760419505,0.035,0.12489682760419504,ensemble,54.0 <= temp_min <= 55.0 @ SANFRANCISCO on 2026-06-18,2026-06-19T20:11:19Z,no,-47.88,bet
20260617T204627Z152397,2026-06-17T20:46:56Z,KXLOWTSFO-26JUN18-B52.5,KXLOWTSFO-26JUN18,2026-06-18,YES,35.54,0.03,0.08758828232786689,0.03,0.05758828232786689,ensemble,52.0 <= temp_min <= 53.0 @ SANFRANCISCO on 2026-06-18,2026-06-19T20:11:19Z,no,-35.52,bet
20260617T204741Z536661,2026-06-17T20:48:11Z,KXLOWTCHI-26JUN18-B60.5,KXLOWTCHI-26JUN18,2026-06-18,NO,47.89,0.405,0.260853676716995,0.405,-0.14414632328300503,ensemble,60.0 <= temp_min <= 61.0 @ CHICAGO on 2026-06-18,2026-06-19T20:11:19Z,no,32.40,bet
20260617T204811Z280293,2026-06-17T20:48:41Z,KXLOWTCHI-26JUN18-B56.5,KXLOWTCHI-26JUN18,2026-06-18,YES,47.89,0.045,0.12922011296238164,0.045,0.08422011296238165,ensemble,56.0 <= temp_min <= 57.0 @ CHICAGO on 2026-06-18,2026-06-19T20:11:20Z,no,-47.88,bet
20260617T204841Z022357,2026-06-17T20:49:10Z,KXLOWTCHI-26JUN18-B54.5,KXLOWTCHI-26JUN18,2026-06-18,YES,32.77,0.03,0.083093789147785,0.03,0.053093789147784995,ensemble,54.0 <= temp_min <= 55.0 @ CHICAGO on 2026-06-18,2026-06-19T20:11:20Z,no,-32.76,bet
20260617T204955Z398912,2026-06-17T20:50:25Z,KXLOWTDC-26JUN18-B73.5,KXLOWTDC-26JUN18,2026-06-18,NO,47.89,0.44499999999999995,0.30842345339724975,0.44499999999999995,-0.1365765466027502,ensemble,73.0 <= temp_min <= 74.0 @ WASHINGTON on 2026-06-18,2026-06-19T20:11:20Z,yes,-47.73,bet
20260617T205025Z139357,2026-06-17T20:50:54Z,KXLOWTDC-26JUN18-B71.5,KXLOWTDC-26JUN18,2026-06-18,YES,47.89,0.16,0.23563395488062566,0.16,0.07563395488062566,ensemble,71.0 <= temp_min <= 72.0 @ WASHINGTON on 2026-06-18,2026-06-19T20:11:20Z,no,-47.84,bet
20260617T205055Z099007,2026-06-17T20:50:55Z,KXLOWTBOS-26JUN18-B59.5,KXLOWTBOS-26JUN18,2026-06-18,YES,47.89,0.05,0.13445947687688645,0.05,0.08445947687688644,ensemble,59.0 <= temp_min <= 60.0 @ BOSTON on 2026-06-18,2026-06-19T20:11:20Z,no,-47.85,bet
20260617T205140Z583817,2026-06-17T20:52:10Z,KXLOWTMIA-26JUN18-B79.5,KXLOWTMIA-26JUN18,2026-06-18,NO,47.89,0.41500000000000004,0.250452359595037,0.41500000000000004,-0.16454764040496306,ensemble,79.0 <= temp_min <= 80.0 @ MIAMI on 2026-06-18,2026-06-19T20:11:20Z,no,33.62,bet
20260617T205210Z951657,2026-06-17T20:52:40Z,KXLOWTMIA-26JUN18-B77.5,KXLOWTMIA-26JUN18,2026-06-18,YES,47.89,0.07500000000000001,0.18242952298926987,0.07500000000000001,0.10742952298926986,ensemble,77.0 <= temp_min <= 78.0 @ MIAMI on 2026-06-18,2026-06-19T20:11:20Z,no,-47.85,bet
20260617T205240Z692460,2026-06-17T20:53:10Z,KXLOWTMIA-26JUN18-B81.5,KXLOWTMIA-26JUN18,2026-06-18,NO,31.29,0.355,0.266519864967735,0.355,-0.08848013503226498,ensemble,81.0 <= temp_min <= 82.0 @ MIAMI on 2026-06-18,2026-06-19T20:11:20Z,yes,-30.96,bet
20260619T201121Z159095,2026-06-19T20:11:21Z,KXLOWTNYC-26JUN20-B64.5,KXLOWTNYC-26JUN20,2026-06-20,NO,38.26,0.405,0.1858461063502679,0.405,-0.21915389364973212,ensemble,64.0 <= temp_min <= 65.0 @ NYC on 2026-06-20,2026-06-21T20:05:26Z,no,25.92,bet
20260619T201121Z551009,2026-06-19T20:11:21Z,KXLOWTLAX-26JUN20-B60.5,KXLOWTLAX-26JUN20,2026-06-20,NO,38.26,0.445,0.31984238902436096,0.445,-0.12515761097563904,ensemble,60.0 <= temp_min <= 61.0 @ LOSANGELES on 2026-06-20,2026-06-21T20:05:27Z,no,30.26,bet
20260619T201121Z730222,2026-06-19T20:11:21Z,KXLOWTLAX-26JUN20-B58.5,KXLOWTLAX-26JUN20,2026-06-20,NO,38.26,0.33,0.22713474755452087,0.33,-0.10286525244547914,ensemble,58.0 <= temp_min <= 59.0 @ LOSANGELES on 2026-06-20,2026-06-21T20:05:27Z,yes,-38.19,bet
20260619T201122Z108272,2026-06-19T20:11:22Z,KXLOWTSFO-26JUN20-B57.5,KXLOWTSFO-26JUN20,2026-06-20,NO,38.26,0.61,0.36150177082658447,0.61,-0.24849822917341552,ensemble,57.0 <= temp_min <= 58.0 @ SANFRANCISCO on 2026-06-20,2026-06-21T20:05:27Z,no,59.78,bet
20260619T201122Z280685,2026-06-19T20:11:22Z,KXLOWTSFO-26JUN20-B55.5,KXLOWTSFO-26JUN20,2026-06-20,YES,38.26,0.16999999999999998,0.3228137503697997,0.16999999999999998,0.15281375036979972,ensemble,55.0 <= temp_min <= 56.0 @ SANFRANCISCO on 2026-06-20,2026-06-21T20:05:27Z,no,-38.25,bet
20260619T201122Z660588,2026-06-19T20:11:22Z,KXLOWTCHI-26JUN20-B61.5,KXLOWTCHI-26JUN20,2026-06-20,NO,38.26,0.36,0.15612679596426107,0.36,-0.20387320403573891,ensemble,61.0 <= temp_min <= 62.0 @ CHICAGO on 2026-06-20,2026-06-21T20:05:27Z,yes,-37.76,bet
20260619T201122Z832936,2026-06-19T20:11:22Z,KXLOWTCHI-26JUN20-B59.5,KXLOWTCHI-26JUN20,2026-06-20,NO,38.26,0.28,0.15786694800852744,0.28,-0.12213305199147259,ensemble,59.0 <= temp_min <= 60.0 @ CHICAGO on 2026-06-20,2026-06-21T20:05:27Z,no,14.84,bet
20260619T201123Z213795,2026-06-19T20:11:23Z,KXLOWTDC-26JUN20-B65.5,KXLOWTDC-26JUN20,2026-06-20,NO,38.26,0.42000000000000004,0.18553008448807598,0.42000000000000004,-0.23446991551192406,ensemble,65.0 <= temp_min <= 66.0 @ WASHINGTON on 2026-06-20,2026-06-21T20:05:27Z,yes,-37.70,bet
20260619T201123Z386997,2026-06-19T20:11:23Z,KXLOWTDC-26JUN20-B61.5,KXLOWTDC-26JUN20,2026-06-20,YES,34.14,0.035,0.10389472355327514,0.035,0.06889472355327514,ensemble,61.0 <= temp_min <= 62.0 @ WASHINGTON on 2026-06-20,2026-06-21T20:05:27Z,no,-34.12,bet
20260619T201123Z775474,2026-06-19T20:11:23Z,KXLOWTBOS-26JUN20-B58.5,KXLOWTBOS-26JUN20,2026-06-20,YES,30.31,0.035,0.09616154740539493,0.035,0.06116154740539492,ensemble,58.0 <= temp_min <= 59.0 @ BOSTON on 2026-06-20,2026-06-21T20:05:27Z,no,-30.28,bet
20260619T201123Z948838,2026-06-19T20:11:24Z,KXLOWTBOS-26JUN20-B60.5,KXLOWTBOS-26JUN20,2026-06-20,NO,38.26,0.195,0.1442980897381333,0.195,-0.05070191026186671,ensemble,60.0 <= temp_min <= 61.0 @ BOSTON on 2026-06-20,2026-06-21T20:05:27Z,no,9.17,bet
20260619T201124Z547079,2026-06-19T20:11:24Z,KXLOWTPHX-26JUN20-B78.5,KXLOWTPHX-26JUN20,2026-06-20,NO,38.26,0.315,0.14388704378620254,0.315,-0.17111295621379746,ensemble,78.0 <= temp_min <= 79.0 @ PHOENIX on 2026-06-20,2026-06-21T20:05:27Z,no,17.32,bet
20260619T201124Z720504,2026-06-19T20:11:24Z,KXLOWTPHX-26JUN20-B76.5,KXLOWTPHX-26JUN20,2026-06-20,YES,34.18,0.035,0.1039710673603084,0.035,0.06897106736030839,ensemble,76.0 <= temp_min <= 77.0 @ PHOENIX on 2026-06-20,2026-06-21T20:05:27Z,no,-34.16,bet
20260619T201125Z097338,2026-06-19T20:11:25Z,KXLOWTDEN-26JUN20-B57.5,KXLOWTDEN-26JUN20,2026-06-20,YES,38.26,0.065,0.14641380175928845,0.065,0.08141380175928845,ensemble,57.0 <= temp_min <= 58.0 @ DENVER on 2026-06-20,2026-06-21T20:05:27Z,no,-38.22,bet
20260619T201125Z271773,2026-06-19T20:11:25Z,KXLOWTDEN-26JUN20-B55.5,KXLOWTDEN-26JUN20,2026-06-20,NO,38.26,0.195,0.11893616584566272,0.195,-0.07606383415433729,ensemble,55.0 <= temp_min <= 56.0 @ DENVER on 2026-06-20,2026-06-21T20:05:28Z,no,9.17,bet
20260619T201239Z597327,2026-06-19T20:13:01Z,KXLOWTSEA-26JUN20-B53.5,KXLOWTSEA-26JUN20,2026-06-20,NO,16.08,0.5,0.2661410893247006,0.5,-0.2338589106752994,ensemble,53.0 <= temp_min <= 54.0 @ SEATTLE on 2026-06-20,2026-06-21T20:05:28Z,yes,-16.00,bet
20260621T200528Z473083,2026-06-21T20:05:28Z,KXLOWTNYC-26JUN22-B67.5,KXLOWTNYC-26JUN22,2026-06-22,YES,35.49,0.305,0.45969461880360757,0.305,0.15469461880360758,ensemble,67.0 <= temp_min <= 68.0 @ NYC on 2026-06-22,2026-06-23T20:33:19Z,yes,80.62,bet
20260621T200528Z652800,2026-06-21T20:05:28Z,KXLOWTNYC-26JUN22-B65.5,KXLOWTNYC-26JUN22,2026-06-22,NO,35.49,0.345,0.22278192188911655,0.345,-0.12221807811088342,ensemble,65.0 <= temp_min <= 66.0 @ NYC on 2026-06-22,2026-06-23T20:33:19Z,no,18.63,bet
20260621T200528Z824355,2026-06-21T20:05:28Z,KXLOWTNYC-26JUN22-B63.5,KXLOWTNYC-26JUN22,2026-06-22,NO,35.49,0.115,0.03482060058468807,0.115,-0.08017939941531194,ensemble,63.0 <= temp_min <= 64.0 @ NYC on 2026-06-22,2026-06-23T20:33:20Z,no,4.60,bet
20260621T200529Z206082,2026-06-21T20:05:29Z,KXLOWTLAX-26JUN22-B60.5,KXLOWTLAX-26JUN22,2026-06-22,NO,35.49,0.485,0.3363561729222542,0.485,-0.14864382707774576,ensemble,60.0 <= temp_min <= 61.0 @ LOSANGELES on 2026-06-22,2026-06-23T20:33:20Z,no,32.98,bet
20260621T200529Z376887,2026-06-21T20:05:29Z,KXLOWTLAX-26JUN22-B58.5,KXLOWTLAX-26JUN22,2026-06-22,NO,35.49,0.14500000000000002,0.05746806345162357,0.14500000000000002,-0.08753193654837645,ensemble,58.0 <= temp_min <= 59.0 @ LOSANGELES on 2026-06-22,2026-06-23T20:33:20Z,no,5.95,bet
20260621T200529Z754824,2026-06-21T20:05:29Z,KXLOWTSFO-26JUN22-B53.5,KXLOWTSFO-26JUN22,2026-06-22,YES,28.45,0.16499999999999998,0.21854185465720002,0.16499999999999998,0.053541854657200044,ensemble,53.0 <= temp_min <= 54.0 @ SANFRANCISCO on 2026-06-22,2026-06-23T20:33:20Z,no,-28.38,bet
20260621T200530Z126703,2026-06-21T20:05:30Z,KXLOWTCHI-26JUN22-B58.5,KXLOWTCHI-26JUN22,2026-06-22,YES,35.49,0.405,0.5036359108201612,0.405,0.09863591082016121,ensemble,58.0 <= temp_min <= 59.0 @ CHICAGO on 2026-06-22,2026-06-23T20:33:20Z,yes,51.77,bet
20260621T200530Z298103,2026-06-21T20:05:30Z,KXLOWTCHI-26JUN22-B56.5,KXLOWTCHI-26JUN22,2026-06-22,NO,35.49,0.185,0.1271463881303058,0.185,-0.057853611869694205,ensemble,56.0 <= temp_min <= 57.0 @ CHICAGO on 2026-06-22,2026-06-23T20:33:20Z,no,7.96,bet
20260621T200530Z670308,2026-06-21T20:05:30Z,KXLOWTDC-26JUN22-B70.5,KXLOWTDC-26JUN22,2026-06-22,NO,35.49,0.365,0.2775101599280609,0.365,-0.0874898400719391,ensemble,70.0 <= temp_min <= 71.0 @ WASHINGTON on 2026-06-22,2026-06-23T20:33:20Z,no,20.08,bet
20260621T200531Z053721,2026-06-21T20:05:31Z,KXLOWTBOS-26JUN22-B58.5,KXLOWTBOS-26JUN22,2026-06-22,NO,35.49,0.19,0.08634604332556546,0.19,-0.10365395667443454,ensemble,58.0 <= temp_min <= 59.0 @ BOSTON on 2026-06-22,2026-06-23T20:33:20Z,no,8.17,bet
20260621T200531Z425185,2026-06-21T20:05:31Z,KXLOWTMIA-26JUN22-B76.5,KXLOWTMIA-26JUN22,2026-06-22,NO,35.49,0.32,0.07119716701032283,0.32,-0.24880283298967718,ensemble,76.0 <= temp_min <= 77.0 @ MIAMI on 2026-06-22,2026-06-23T20:33:20Z,no,16.64,bet
20260621T200531Z596955,2026-06-21T20:05:31Z,KXLOWTMIA-26JUN22-B80.5,KXLOWTMIA-26JUN22,2026-06-22,YES,35.49,0.2,0.395948375196942,0.2,0.19594837519694197,ensemble,80.0 <= temp_min <= 81.0 @ MIAMI on 2026-06-22,2026-06-23T20:33:20Z,no,-35.40,bet
20260621T200531Z780104,2026-06-21T20:05:31Z,KXLOWTMIA-26JUN22-B78.5,KXLOWTMIA-26JUN22,2026-06-22,NO,35.49,0.375,0.23085260253317197,0.375,-0.14414739746682803,ensemble,78.0 <= temp_min <= 79.0 @ MIAMI on 2026-06-22,2026-06-23T20:33:21Z,no,21.00,bet
20260621T200532Z164990,2026-06-21T20:05:32Z,KXLOWTPHX-26JUN22-B79.5,KXLOWTPHX-26JUN22,2026-06-22,NO,35.49,0.28500000000000003,0.15350873166232998,0.28500000000000003,-0.13149126833767005,ensemble,79.0 <= temp_min <= 80.0 @ PHOENIX on 2026-06-22,2026-06-23T20:33:21Z,yes,-35.03,bet
20260621T200532Z540506,2026-06-21T20:05:32Z,KXLOWTDEN-26JUN22-B52.5,KXLOWTDEN-26JUN22,2026-06-22,NO,35.49,0.27,0.05299052598440069,0.27,-0.21700947401559934,ensemble,52.0 <= temp_min <= 53.0 @ DENVER on 2026-06-22,2026-06-23T20:33:21Z,yes,-35.04,bet
20260621T200532Z718456,2026-06-21T20:05:32Z,KXLOWTDEN-26JUN22-B56.5,KXLOWTDEN-26JUN22,2026-06-22,YES,7.05,0.060000000000000005,0.22499033120837025,0.060000000000000005,0.16499033120837026,ensemble,56.0 <= temp_min <= 57.0 @ DENVER on 2026-06-22,2026-06-23T20:33:21Z,no,-7.02,bet
20260623T203436Z098384,2026-06-23T20:35:05Z,KXLOWTNYC-26JUN24-B61.5,KXLOWTNYC-26JUN24,2026-06-24,NO,38.04,0.32999999999999996,0.16924755343494086,0.32999999999999996,-0.1607524465650591,ensemble,61.0 <= temp_min <= 62.0 @ NYC on 2026-06-24,2026-06-25T20:28:17Z,no,18.48,bet
20260623T203505Z409753,2026-06-23T20:35:34Z,KXLOWTNYC-26JUN24-B63.5,KXLOWTNYC-26JUN24,2026-06-24,YES,38.04,0.35,0.4818189987356222,0.35,0.1318189987356222,ensemble,63.0 <= temp_min <= 64.0 @ NYC on 2026-06-24,2026-06-25T20:28:17Z,yes,70.20,bet
20260623T203618Z507956,2026-06-23T20:36:47Z,KXLOWTLAX-26JUN24-B63.5,KXLOWTLAX-26JUN24,2026-06-24,YES,38.04,0.16999999999999998,0.5365863039680996,0.16999999999999998,0.3665863039680996,ensemble,63.0 <= temp_min <= 64.0 @ LOSANGELES on 2026-06-24,2026-06-25T20:28:18Z,no,-37.91,bet
20260623T203647Z806202,2026-06-23T20:37:16Z,KXLOWTLAX-26JUN24-B59.5,KXLOWTLAX-26JUN24,2026-06-24,NO,38.04,0.255,0.07020417592694675,0.255,-0.18479582407305326,ensemble,59.0 <= temp_min <= 60.0 @ LOSANGELES on 2026-06-24,2026-06-25T20:28:18Z,no,13.01,bet
20260623T203800Z801192,2026-06-23T20:38:29Z,KXLOWTSFO-26JUN24-B54.5,KXLOWTSFO-26JUN24,2026-06-24,YES,38.04,0.55,0.6049968026763851,0.55,0.05499680267638507,ensemble,54.0 <= temp_min <= 55.0 @ SANFRANCISCO on 2026-06-24,2026-06-25T20:28:18Z,yes,31.05,bet
20260623T203913Z793724,2026-06-23T20:39:42Z,KXLOWTCHI-26JUN24-B56.5,KXLOWTCHI-26JUN24,2026-06-24,NO,38.04,0.275,0.06230177097268965,0.275,-0.21269822902731036,ensemble,56.0 <= temp_min <= 57.0 @ CHICAGO on 2026-06-24,2026-06-25T20:28:18Z,no,14.30,bet
20260623T203943Z001736,2026-06-23T20:40:12Z,KXLOWTCHI-26JUN24-B58.5,KXLOWTCHI-26JUN24,2026-06-24,NO,38.04,0.385,0.28274825591419905,0.385,-0.10225174408580096,ensemble,58.0 <= temp_min <= 59.0 @ CHICAGO on 2026-06-24,2026-06-25T20:28:18Z,no,23.48,bet
20260623T204055Z989656,2026-06-23T20:41:25Z,KXLOWTDC-26JUN24-B61.5,KXLOWTDC-26JUN24,2026-06-24,YES,29.52,0.16499999999999998,0.21683797836852162,0.16499999999999998,0.05183797836852164,ensemble,61.0 <= temp_min <= 62.0 @ WASHINGTON on 2026-06-24,2026-06-25T20:28:18Z,no,-29.37,bet
20260623T204125Z418484,2026-06-23T20:41:25Z,KXLOWTBOS-26JUN24-B60.5,KXLOWTBOS-26JUN24,2026-06-24,NO,38.04,0.155,0.08667547291735413,0.155,-0.06832452708264587,ensemble,60.0 <= temp_min <= 61.0 @ BOSTON on 2026-06-24,2026-06-25T20:28:18Z,no,6.98,bet
20260623T204209Z884884,2026-06-23T20:42:39Z,KXLOWTMIA-26JUN24-B80.5,KXLOWTMIA-26JUN24,2026-06-24,YES,38.04,0.20500000000000002,0.3400428288505985,0.20500000000000002,0.13504282885059848,ensemble,80.0 <= temp_min <= 81.0 @ MIAMI on 2026-06-24,2026-06-25T20:28:18Z,no,-37.93,bet
20260623T204239Z186711,2026-06-23T20:43:08Z,KXLOWTMIA-26JUN24-B76.5,KXLOWTMIA-26JUN24,2026-06-24,NO,38.04,0.29000000000000004,0.157363067650578,0.29000000000000004,-0.13263693234942203,ensemble,76.0 <= temp_min <= 77.0 @ MIAMI on 2026-06-24,2026-06-25T20:28:18Z,no,15.37,bet
20260623T204308Z601648,2026-06-23T20:43:08Z,KXLOWTPHX-26JUN24-B85.5,KXLOWTPHX-26JUN24,2026-06-24,YES,26.85,0.05,0.10363734732148355,0.05,0.05363734732148355,ensemble,85.0 <= temp_min <= 86.0 @ PHOENIX on 2026-06-24,2026-06-25T20:28:19Z,no,-26.80,bet
20260623T204352Z687281,2026-06-23T20:44:21Z,KXLOWTDEN-26JUN24-B59.5,KXLOWTDEN-26JUN24,2026-06-24,YES,38.04,0.15000000000000002,0.5080191472149809,0.15000000000000002,0.35801914721498085,ensemble,59.0 <= temp_min <= 60.0 @ DENVER on 2026-06-24,2026-06-25T20:28:19Z,yes,215.05,bet
20260623T204421Z993393,2026-06-23T20:44:51Z,KXLOWTDEN-26JUN24-B55.5,KXLOWTDEN-26JUN24,2026-06-24,NO,38.04,0.255,0.06138104636475253,0.255,-0.19361895363524748,ensemble,55.0 <= temp_min <= 56.0 @ DENVER on 2026-06-24,2026-06-25T20:28:19Z,no,13.01,bet
20260623T204451Z197639,2026-06-23T20:45:20Z,KXLOWTDEN-26JUN24-B53.5,KXLOWTDEN-26JUN24,2026-06-24,NO,38.04,0.185,0.05875993519223992,0.185,-0.12624006480776007,ensemble,53.0 <= temp_min <= 54.0 @ DENVER on 2026-06-24,2026-06-25T20:28:19Z,no,8.51,bet
20260623T204604Z193698,2026-06-23T20:46:26Z,KXLOWTSEA-26JUN24-B58.5,KXLOWTSEA-26JUN24,2026-06-24,YES,19.73,0.025,0.23477181836365044,0.025,0.20977181836365044,ensemble,58.0 <= temp_min <= 59.0 @ SEATTLE on 2026-06-24,2026-06-25T20:28:19Z,yes,769.27,bet
20260625T202904Z473996,2026-06-25T20:29:34Z,KXLOWTNYC-26JUN26-B68.5,KXLOWTNYC-26JUN26,2026-06-26,YES,59.38,0.365,0.6049968026763837,0.365,0.23999680267638368,ensemble,68.0 <= temp_min <= 69.0 @ NYC on 2026-06-26,,,,bet
20260625T203018Z173672,2026-06-25T20:30:47Z,KXLOWTLAX-26JUN26-B57.5,KXLOWTLAX-26JUN26,2026-06-26,NO,59.38,0.16999999999999998,0.06084745655505383,0.16999999999999998,-0.10915254344494615,ensemble,57.0 <= temp_min <= 58.0 @ LOSANGELES on 2026-06-26,,,,bet
20260625T203131Z719783,2026-06-25T20:32:00Z,KXLOWTSFO-26JUN26-B57.5,KXLOWTSFO-26JUN26,2026-06-26,NO,59.38,0.5549999999999999,0.38401712500000684,0.5549999999999999,-0.1709828749999931,ensemble,57.0 <= temp_min <= 58.0 @ SANFRANCISCO on 2026-06-26,,,,bet
20260625T203244Z772279,2026-06-25T20:33:13Z,KXLOWTCHI-26JUN26-B60.5,KXLOWTCHI-26JUN26,2026-06-26,YES,59.38,0.405,0.6505032809180514,0.405,0.2455032809180514,ensemble,60.0 <= temp_min <= 61.0 @ CHICAGO on 2026-06-26,,,,bet
20260625T203313Z974882,2026-06-25T20:33:43Z,KXLOWTCHI-26JUN26-B58.5,KXLOWTCHI-26JUN26,2026-06-26,YES,59.38,0.13,0.24973247783169125,0.13,0.11973247783169125,ensemble,58.0 <= temp_min <= 59.0 @ CHICAGO on 2026-06-26,,,,bet
20260625T203426Z981070,2026-06-25T20:34:56Z,KXLOWTDC-26JUN26-B71.5,KXLOWTDC-26JUN26,2026-06-26,YES,59.38,0.175,0.5247187109859491,0.175,0.34971871098594914,ensemble,71.0 <= temp_min <= 72.0 @ WASHINGTON on 2026-06-26,,,,bet
20260625T203456Z184420,2026-06-25T20:35:25Z,KXLOWTDC-26JUN26-B69.5,KXLOWTDC-26JUN26,2026-06-26,NO,59.38,0.415,0.29218270764191906,0.415,-0.12281729235808092,ensemble,69.0 <= temp_min <= 70.0 @ WASHINGTON on 2026-06-26,,,,bet
20260625T203525Z587503,2026-06-25T20:35:25Z,KXLOWTBOS-26JUN26-B62.5,KXLOWTBOS-26JUN26,2026-06-26,YES,59.38,0.06,0.3926631587106134,0.06,0.3326631587106134,ensemble,62.0 <= temp_min <= 63.0 @ BOSTON on 2026-06-26,,,,bet
20260625T203609Z995565,2026-06-25T20:36:39Z,KXLOWTMIA-26JUN26-B82.5,KXLOWTMIA-26JUN26,2026-06-26,YES,59.38,0.03,0.3080022848883437,0.03,0.27800228488834366,ensemble,82.0 <= temp_min <= 83.0 @ MIAMI on 2026-06-26,,,,bet
20260625T203639Z297210,2026-06-25T20:37:08Z,KXLOWTMIA-26JUN26-B78.5,KXLOWTMIA-26JUN26,2026-06-26,NO,59.38,0.38,0.23546617302700532,0.38,-0.1445338269729947,ensemble,78.0 <= temp_min <= 79.0 @ MIAMI on 2026-06-26,,,,bet
20260625T203708Z500715,2026-06-25T20:37:37Z,KXLOWTMIA-26JUN26-B76.5,KXLOWTMIA-26JUN26,2026-06-26,NO,59.38,0.18,0.09620002287505025,0.18,-0.08379997712494974,ensemble,76.0 <= temp_min <= 77.0 @ MIAMI on 2026-06-26,,,,bet
20260625T203737Z908357,2026-06-25T20:37:38Z,KXLOWTPHX-26JUN26-B85.5,KXLOWTPHX-26JUN26,2026-06-26,YES,59.38,0.07,0.1540418249259244,0.07,0.08404182492592438,ensemble,85.0 <= temp_min <= 86.0 @ PHOENIX on 2026-06-26,,,,bet
20260625T203738Z081431,2026-06-25T20:37:38Z,KXLOWTPHX-26JUN26-B87.5,KXLOWTPHX-26JUN26,2026-06-26,NO,59.38,0.32,0.25907967891502615,0.32,-0.06092032108497386,ensemble,87.0 <= temp_min <= 88.0 @ PHOENIX on 2026-06-26,,,,bet
20260625T203822Z153419,2026-06-25T20:38:51Z,KXLOWTDEN-26JUN26-B54.5,KXLOWTDEN-26JUN26,2026-06-26,NO,59.38,0.295,0.11016720153609,0.295,-0.18483279846391,ensemble,54.0 <= temp_min <= 55.0 @ DENVER on 2026-06-26,,,,bet
20260625T203851Z453660,2026-06-25T20:39:20Z,KXLOWTDEN-26JUN26-B56.5,KXLOWTDEN-26JUN26,2026-06-26,YES,59.31,0.10500000000000001,0.26714342327855195,0.10500000000000001,0.16214342327855194,ensemble,56.0 <= temp_min <= 57.0 @ DENVER on 2026-06-26,,,,bet
